Collision Id,Report Number,Report Version,Is Preliminary,NCIC Code,Crash Date Time,Crash Time Description,Beat,City Id,City Code,City Name,County Code,City Is Active,City Is Incorporated,Collision Type Code,Collision Type Description,Collision Type Other Desc,Day Of Week,DispatchNotified,HasPhotographs,HitRun,IsAttachmentsMailed,IsDeleted,IsHighwayRelated,IsTowAway,JudicialDistrict,MotorVehicleInvolvedWithCode,MotorVehicleInvolvedWithDesc,MotorVehicleInvolvedWithOtherDesc,NumberInjured,NumberKilled,Weather 1,Weather 2,Road Condition 1,Road Condition 2,Special Condition,LightingCode,LightingDescription,Latitude,Longitude,MilepostDirection,MilepostDistance,MilepostMarker,MilepostUnitOfMeasure,PedestrianActionCode,PedestrianActionDesc,PreparedDate,Primary Collision Factor Code,Primary Collision Factor Violation,PrimaryCollisionFactorIsCited,PrimaryCollisionPartyNumber,PrimaryRoad,ReportingDistrict,ReportingDistrictCode,ReviewedDate,RoadwaySurfaceCode,SecondaryDirection,SecondaryDistance,SecondaryRoad,SecondaryUnitOfMeasure,SketchDesc,TrafficControlDeviceCode,CreatedDate,ModifiedDate,IsCountyRoad,IsFreeway,CHP555Version,IsAdditonalObjectStruck,NotificationDate,NotificationTimeDescription,HasDigitalMediaFiles,EvidenceNumber,IsLocationReferToNarrative,IsAOIOneSameAsLocation
2496465,230080351,2,False,3801,2/2/2023 12:00:00 AM,2500,3I11D,1227,3801,San Francisco,38,True,True,G,VEHICLE/PEDESTRAIN,,Thursday,,,,,False,False,False,,B,PEDESTRIAN,,1,0,CLEAR,,NO UNUSUAL CONDITIONS - NO UNUSUAL CONDITIONS,,,C,DARK-STREET LIGHTS,,,,,,,B,CROSSING IN CROSS WALK AT INTERSECTION,,A,21950A,,1,IRVING ST,,,,A,,,16TH AV,,,D,7/22/2024 5:53:08 PM,1/28/2025 1:34:21 PM,,,2,,,,,,,
2496433,230007872,2,False,3801,1/4/2023 9:50:00 AM,0950,3J14A,1227,3801,San Francisco,38,True,True,G,VEHICLE/PEDESTRAIN,,Wednesday,,,F,,False,False,False,,B,PEDESTRIAN,,1,0,CLOUDY,RAINING,NO UNUSUAL CONDITIONS - NO UNUSUAL CONDITIONS,,,A,DAYLIGHT,,,,,,,E,IN ROAD - INCLUDES SHOULDER,,A,22106,,1,EDDY ST,TENDE,,,B,W,174,MASON ST,F,,,7/22/2024 5:52:57 PM,1/28/2025 1:34:20 PM,,,2,,,,,,,
2496426,230043155,2,False,3801,1/19/2023 9:10:00 AM,0910,3E12A,1227,3801,San Francisco,38,True,True,G,VEHICLE/PEDESTRAIN,,Thursday,,,,,False,False,False,,B,PEDESTRIAN,,1,0,CLEAR,,NO UNUSUAL CONDITIONS - NO UNUSUAL CONDITIONS,,,A,DAYLIGHT,,,,,,,B,CROSSING IN CROSS WALK AT INTERSECTION,,A,21950A,,1,DIVISADERO ST,NORTH,,,A,,,GEARY BL,,,A,7/22/2024 5:52:55 PM,1/28/2025 1:34:19 PM,,,2,,,,,,,
2496422,230075114,2,False,3801,1/31/2023 7:51:00 PM,1951,5,1227,3801,San Francisco,38,True,True,B,SIDE SWIPE,,Tuesday,,,F,,False,False,False,,B,PEDESTRIAN,,1,0,CLEAR,,NO UNUSUAL CONDITIONS - NO UNUSUAL CONDITIONS,,,C,DARK-STREET LIGHTS,,,,,,,B,CROSSING IN CROSS WALK AT INTERSECTION,,A,21950A,,1,LOMBARD ST,NORTH,,,A,E,3,BUCHANAN ST,F,,A,7/22/2024 5:52:54 PM,1/28/2025 1:34:19 PM,,,2,,,,,,,
2496390,230009204,2,False,3801,1/4/2023 6:42:00 PM,1842,4B1F,1227,3801,San Francisco,38,True,True,G,VEHICLE/PEDESTRAIN,,Wednesday,,,,,False,False,False,,B,PEDESTRIAN,,1,0,RAINING,,NO UNUSUAL CONDITIONS - NO UNUSUAL CONDITIONS,,,C,DARK-STREET LIGHTS,,,,,,,E,IN ROAD - INCLUDES SHOULDER,,A,21954A,,1,MORSE ST,TRAFF,,,B,W,30,LOWELL ST,F,,D,7/22/2024 5:52:44 PM,1/28/2025 1:34:16 PM,,,2,,,,,,,
2496387,230097215,2,False,3801,2/9/2023 3:10:00 PM,1510,3A44C,1227,3801,San Francisco,38,True,True,D,BROADSIDE,,Thursday,,,,,False,False,True,,B,PEDESTRIAN,,2,0,CLEAR,,NO UNUSUAL CONDITIONS - NO UNUSUAL CONDITIONS,,,A,DAYLIGHT,,,,,,,F,NOT IN ROAD,,A,21453A,,1,GAANT AV,CENTR,,,A,,,PINE ST,,,A,7/22/2024 5:52:42 PM,1/28/2025 1:34:16 PM,,,2,,,,,,,
2496362,230113510,2,False,3801,2/15/2023 7:04:00 PM,1904,B3,1227,3801,San Francisco,38,True,True,D,BROADSIDE,,Wednesday,,,,,False,False,False,,B,PEDESTRIAN,,1,0,CLEAR,,NO UNUSUAL CONDITIONS - NO UNUSUAL CONDITIONS,,,C,DARK-STREET LIGHTS,,,,,,,D,CROSSING - NOT IN CROSSWALK,,D,,,,8TH ST,SOUTH,,,A,S,36,HOWARD ST,F,,A,7/22/2024 5:52:34 PM,1/28/2025 1:34:14 PM,,,2,,,,,,,
2496309,230073265,2,False,3801,1/31/2023 8:22:00 AM,0822,3A11A,1227,3801,San Francisco,38,True,True,G,VEHICLE/PEDESTRAIN,,Tuesday,,,,,False,False,False,,B,PEDESTRIAN,,1,0,CLEAR,,NO UNUSUAL CONDITIONS - NO UNUSUAL CONDITIONS,,,A,DAYLIGHT,,,,,,,B,CROSSING IN CROSS WALK AT INTERSECTION,,A,21950A,,1,CLAY ST,CENTR,,,A,,,LEAVENWORTH ST,,,A,7/22/2024 5:52:15 PM,1/28/2025 1:34:11 PM,,,2,,,,,,,
2496304,230050332,2,False,3801,1/22/2023 2:09:00 AM,0209,4B1F,1227,3801,San Francisco,38,True,True,,,,Sunday,,,F,,False,False,True,,D,MOTOR VEHICLE ON OTHER ROADWAY,,6,0,CLEAR,,CONSTRUCTION-REPAIR ZONE - CONSTRUCTION-REPAIR ZONE,,,C,DARK-STREET LIGHTS,,,,,,,F,NOT IN ROAD,,A,23152A,,1,16TH ST,TRAFF,,,A,W,132,CAPP ST,F,,A,7/22/2024 5:52:13 PM,1/28/2025 1:34:11 PM,,,2,,,,,,,
2496302,230018465,2,False,3801,1/9/2023 7:52:00 AM,0752,3E70,1227,3801,San Francisco,38,True,True,G,VEHICLE/PEDESTRAIN,,Monday,,,,,False,False,False,,B,PEDESTRIAN,,1,0,CLOUDY,RAINING,NO UNUSUAL CONDITIONS - NO UNUSUAL CONDITIONS,,,A,DAYLIGHT,,,,,,,B,CROSSING IN CROSS WALK AT INTERSECTION,,A,21950A,,1,POLK ST,NORTH,,,B,,,GEARY,,,A,7/22/2024 5:52:13 PM,1/28/2025 1:34:11 PM,,,2,,,,,,,
2496301,230062183,2,False,3801,1/25/2023 11:15:00 AM,1115,4B103,1227,3801,San Francisco,38,True,True,G,VEHICLE/PEDESTRAIN,,Wednesday,,,F,,False,False,False,,B,PEDESTRIAN,,1,0,CLEAR,,NO UNUSUAL CONDITIONS - NO UNUSUAL CONDITIONS,,,A,DAYLIGHT,,,,,,,B,CROSSING IN CROSS WALK AT INTERSECTION,,A,21950A,,1,COLUMBUS AV,TRAFF,,,A,S,12,FILBERT ST,F,,A,7/22/2024 5:52:12 PM,1/28/2025 1:34:11 PM,,,2,,,,,,,
2496300,230052316,2,False,3801,1/23/2023 12:26:00 AM,0026,901,1227,3801,San Francisco,38,True,True,G,VEHICLE/PEDESTRAIN,,Monday,,,,,False,False,False,,B,PEDESTRIAN,,1,0,CLEAR,,NO UNUSUAL CONDITIONS - NO UNUSUAL CONDITIONS,,,C,DARK-STREET LIGHTS,,,,,,,D,CROSSING - NOT IN CROSSWALK,,A,21594A,,1,GOLDEN GATE AV,TENDE,,,A,E,16,LARKIN ST,F,,D,7/22/2024 5:52:12 PM,1/28/2025 1:34:11 PM,,,2,,,,,,,
2496294,230006012,2,False,3801,1/3/2023 12:00:00 PM,1200,3A11C,1227,3801,San Francisco,38,True,True,G,VEHICLE/PEDESTRAIN,,Tuesday,,,F,,False,False,False,,B,PEDESTRIAN,,1,0,CLOUDY,,NO UNUSUAL CONDITIONS - NO UNUSUAL CONDITIONS,,,A,DAYLIGHT,,,,,,,E,IN ROAD - INCLUDES SHOULDER,,A,21756A,,1,CALIFORNIA ST,CENTR,,,A,,,HYDE ST,,,D,7/22/2024 5:52:10 PM,1/28/2025 1:34:11 PM,,,2,,,,,,,
2496293,230060507,2,False,3801,1/25/2023 10:31:00 PM,2231,4B1C,1227,3801,San Francisco,38,True,True,G,VEHICLE/PEDESTRAIN,,Wednesday,,,,,False,False,False,,B,PEDESTRIAN,,1,0,CLEAR,,NO UNUSUAL CONDITIONS - NO UNUSUAL CONDITIONS,,,C,DARK-STREET LIGHTS,,,,,,,E,IN ROAD - INCLUDES SHOULDER,,A,21954A,,2,TERRY A FRANCOIS BL,TRAFF,,,A,,,WARRIORS WY,,,B,7/22/2024 5:52:09 PM,1/28/2025 1:34:11 PM,,,2,,,,,,,
2496145,230126466,2,False,3801,2/20/2023 11:31:00 PM,2331,901,1227,3801,San Francisco,38,True,True,G,VEHICLE/PEDESTRAIN,,Monday,,,,,False,False,False,,C,OTHER MOTOR VEHICLE,,1,0,CLEAR,,,,,C,DARK-STREET LIGHTS,,,,,,,D,CROSSING - NOT IN CROSSWALK,,A,21954A,,1,MISSION,SOUTH,,,A,,,8TH ST,,,A,7/22/2024 5:51:25 PM,1/28/2025 1:34:04 PM,,,2,,,,,,,
2490831,230054362,2,False,3801,1/23/2023 6:16:00 PM,1816,E3,1227,3801,San Francisco,38,True,True,G,VEHICLE/PEDESTRAIN,,Monday,,,,,False,False,False,,B,PEDESTRIAN,,1,0,CLEAR,,NO UNUSUAL CONDITIONS - NO UNUSUAL CONDITIONS,,,C,DARK-STREET LIGHTS,,,,,,,B,CROSSING IN CROSS WALK AT INTERSECTION,,A,22107,,1,POLK ST,NORTH,,,A,,,MCALLISTER ST,,,A,7/22/2024 5:24:20 PM,1/28/2025 1:29:31 PM,,,2,,,,,,,
2490813,230016685,2,False,3801,1/8/2023 10:10:00 AM,1010,3C14A,1227,3801,San Francisco,38,True,True,G,VEHICLE/PEDESTRAIN,,Sunday,,,,,False,False,False,,B,PEDESTRIAN,,1,0,CLEAR,,NO UNUSUAL CONDITIONS - NO UNUSUAL CONDITIONS,,,A,DAYLIGHT,,,,,,,B,CROSSING IN CROSS WALK AT INTERSECTION,,A,21950A,,1,UNIVERSITY ST,BAYVI,,,A,,,FELTON ST,,,A,7/22/2024 5:24:14 PM,1/28/2025 1:29:30 PM,,,2,,,,,,,
2490812,230009135,2,False,3801,1/4/2023 6:03:00 PM,1803,3I60,1227,3801,San Francisco,38,True,True,G,VEHICLE/PEDESTRAIN,,Wednesday,,,,,False,False,False,,B,PEDESTRIAN,,1,0,RAINING,,NO UNUSUAL CONDITIONS - NO UNUSUAL CONDITIONS,,,C,DARK-STREET LIGHTS,,,,,,,B,CROSSING IN CROSS WALK AT INTERSECTION,,A,21950A,,1,OCEAN AV,TARAV,,,B,,,LEE AV,,,A,7/22/2024 5:24:14 PM,1/28/2025 1:29:30 PM,,,2,,,,,,,
2490804,230013904,2,False,3801,1/6/2023 7:43:00 PM,1943,3J91D,1227,3801,San Francisco,38,True,True,G,VEHICLE/PEDESTRAIN,,Friday,,,,,False,False,False,,B,PEDESTRIAN,,1,0,CLEAR,,NO UNUSUAL CONDITIONS - NO UNUSUAL CONDITIONS,,,C,DARK-STREET LIGHTS,,,,,,,D,CROSSING - NOT IN CROSSWALK,,A,21954A,,1,EDDY ST,TENDE,,,A,E,60,LARKIN ST,F,,D,7/22/2024 5:24:11 PM,1/28/2025 1:29:30 PM,,,2,,,,,,,
2490802,230012047,2,False,3801,1/6/2023 6:37:00 AM,0637,,1227,3801,San Francisco,38,True,True,G,VEHICLE/PEDESTRAIN,,Friday,,,,,False,False,False,,B,PEDESTRIAN,,1,0,CLOUDY,,NO UNUSUAL CONDITIONS - NO UNUSUAL CONDITIONS,,,C,DARK-STREET LIGHTS,,,,,,,B,CROSSING IN CROSS WALK AT INTERSECTION,,A,21453D,,1,3RD ST,BAYVI,,,A,,,PAUL AV,,,A,7/22/2024 5:24:11 PM,1/28/2025 1:29:30 PM,,,2,,,,,,,
2490793,230045286,2,False,3801,1/20/2023 3:25:00 AM,0325,3C12E,1227,3801,San Francisco,38,True,True,G,VEHICLE/PEDESTRAIN,,Friday,,,F,,False,False,False,,B,PEDESTRIAN,,1,0,CLEAR,,NO UNUSUAL CONDITIONS - NO UNUSUAL CONDITIONS,,,C,DARK-STREET LIGHTS,,,,,,,F,NOT IN ROAD,,A,22107,,1,PALOU AV,BAYVI,,,A,,,SELBY ST,,,D,7/22/2024 5:24:08 PM,1/28/2025 1:29:29 PM,,,2,,,,,,,
2490792,230034944,2,False,3801,1/15/2023 6:43:00 PM,1843,3I1D,1227,3801,San Francisco,38,True,True,G,VEHICLE/PEDESTRAIN,,Sunday,,,,,False,False,False,,B,PEDESTRIAN,,1,0,RAINING,,NO UNUSUAL CONDITIONS - NO UNUSUAL CONDITIONS,,,C,DARK-STREET LIGHTS,,,,,,,B,CROSSING IN CROSS WALK AT INTERSECTION,,A,21950A,,1,IRVING ST,TARAV,,,B,,,15TH AV,,,D,7/22/2024 5:24:08 PM,1/28/2025 1:29:29 PM,,,2,,,,,,,
2490791,230041529,2,False,3801,1/18/2023 4:01:00 PM,1601,,1227,3801,San Francisco,38,True,True,D,BROADSIDE,,Wednesday,,,,,False,False,True,,E,PARKED MOTOR VEHICLE,,1,0,CLOUDY,,NO UNUSUAL CONDITIONS - NO UNUSUAL CONDITIONS,,,A,DAYLIGHT,,,,,,,F,NOT IN ROAD,,A,22350,,1,JOHN F KENNEDY DR,RICHM,,,B,,,36TH AVE,,,D,7/22/2024 5:24:08 PM,1/28/2025 1:29:29 PM,,,2,,,,,,,
2490787,230032904,2,False,3801,1/14/2023 5:33:00 PM,1733,3D11D,1227,3801,San Francisco,38,True,True,D,BROADSIDE,,Saturday,,,F,,False,False,False,,B,PEDESTRIAN,,1,0,RAINING,,NO UNUSUAL CONDITIONS - NO UNUSUAL CONDITIONS,,,B,DUSK-DAWN,,,,,,,B,CROSSING IN CROSS WALK AT INTERSECTION,,A,21950A,,1,15TH ST,MISSI,,,B,,,SANCHEZ ST,,,A,7/22/2024 5:24:06 PM,1/28/2025 1:29:29 PM,,,2,,,,,,,
2490785,230039091,2,False,3801,1/17/2023 4:35:00 PM,1635,3C13D,1227,3801,San Francisco,38,True,True,G,VEHICLE/PEDESTRAIN,,Tuesday,,,,,False,False,False,,B,PEDESTRIAN,,1,0,CLEAR,,NO UNUSUAL CONDITIONS - NO UNUSUAL CONDITIONS,,,B,DUSK-DAWN,,,,,,,B,CROSSING IN CROSS WALK AT INTERSECTION,,A,21950A,,1,LANE ST,BAYVI,,,A,,,OAKDALE AV,,,D,7/22/2024 5:24:06 PM,1/28/2025 1:29:29 PM,,,2,,,,,,,
2490775,230028953,2,False,3801,1/13/2023 7:13:00 AM,0713,6CAR,1227,3801,San Francisco,38,True,True,G,VEHICLE/PEDESTRAIN,,Friday,,,F,,False,False,False,,B,PEDESTRIAN,,1,0,RAINING,WIND,NO UNUSUAL CONDITIONS - NO UNUSUAL CONDITIONS,,,A,DAYLIGHT,,,,,,,,,,A,21950A,,1,GENEVA AV,TARAV,,,B,,,RT 280,,,A,7/22/2024 5:24:02 PM,1/28/2025 1:29:28 PM,,,2,,,,,,,
2490773,230009317,2,False,3801,1/4/2023 7:19:00 PM,1919,4B4A,1227,3801,San Francisco,38,True,True,G,VEHICLE/PEDESTRAIN,,Wednesday,,,,,False,False,False,,B,PEDESTRIAN,,1,0,RAINING,,NO UNUSUAL CONDITIONS - NO UNUSUAL CONDITIONS,,,C,DARK-STREET LIGHTS,,,,,,,D,CROSSING - NOT IN CROSSWALK,,A,21954A,,1,16TH ST,TRAFF,,,B,E,145,BRYANT ST,F,,D,7/22/2024 5:24:01 PM,1/28/2025 1:29:28 PM,,,2,,,,,,,
2490770,230014065,2,False,3801,1/6/2023 9:32:00 PM,2132,3C15E,1227,3801,San Francisco,38,True,True,G,VEHICLE/PEDESTRAIN,,Friday,,,F,,False,False,False,,B,PEDESTRIAN,,1,0,,,NO UNUSUAL CONDITIONS - NO UNUSUAL CONDITIONS,,,C,DARK-STREET LIGHTS,,,,,,,D,CROSSING - NOT IN CROSSWALK,,A,22450A,,1,QUESADA AV,BAYVI,,,A,,,LANE ST,,,A,7/22/2024 5:24:00 PM,1/28/2025 1:29:28 PM,,,2,,,,,,,
2490766,230000650,2,False,3801,1/1/2023 11:59:00 PM,2359,3G4A,1227,3801,San Francisco,38,True,True,G,VEHICLE/PEDESTRAIN,,Sunday,,,,,False,False,False,,B,PEDESTRIAN,,1,0,CLOUDY,,NO UNUSUAL CONDITIONS - NO UNUSUAL CONDITIONS,,,A,DAYLIGHT,,,,,,,B,CROSSING IN CROSS WALK AT INTERSECTION,,A,21950A,,1,ANZA ST,RICHM,,,A,,,29TH AV,,,D,7/22/2024 5:23:59 PM,1/28/2025 1:29:28 PM,,,2,,,,,,,
2490747,230018352,2,False,3801,1/9/2023 4:34:00 AM,0434,3C15E,1227,3801,San Francisco,38,True,True,G,VEHICLE/PEDESTRAIN,,Monday,,,,,False,False,False,,B,PEDESTRIAN,,1,0,RAINING,,OTHER* - OTHER*,,,C,DARK-STREET LIGHTS,,,,,,,B,CROSSING IN CROSS WALK AT INTERSECTION,,A,22107,,1,NEWHALL ST,BAYVI,,,B,,,LA SALLE AV,,,D,7/22/2024 5:23:53 PM,1/28/2025 1:29:27 PM,,,2,,,,,,,
2490723,230019071,3,False,3801,1/8/2023 11:46:00 AM,1146,3I11A,1227,3801,San Francisco,38,True,True,D,BROADSIDE,,Sunday,,,,,False,False,False,,B,PEDESTRIAN,,1,0,CLOUDY,,NO UNUSUAL CONDITIONS - NO UNUSUAL CONDITIONS,,,A,DAYLIGHT,,,,,,,D,CROSSING - NOT IN CROSSWALK,,A,21954A,,1,TARAVAL ST,TARAV,,,B,E,81,20TH AV,F,,A,7/22/2024 5:23:46 PM,7/18/2025 9:37:29 AM,,,2,,,,,,,
2490720,23000183,2,False,3801,1/1/2023 1:36:00 AM,0136,3E14E,1227,3801,San Francisco,38,True,True,G,VEHICLE/PEDESTRAIN,,Sunday,,,,,False,False,False,,B,PEDESTRIAN,,1,0,CLEAR,,NO UNUSUAL CONDITIONS - NO UNUSUAL CONDITIONS,,,C,DARK-STREET LIGHTS,,,,,,,B,CROSSING IN CROSS WALK AT INTERSECTION,,A,21950A,,1,WEBSTER ST,NORTH,,,B,,,POST ST,,,A,7/22/2024 5:23:45 PM,1/28/2025 1:29:26 PM,,,2,,,,,,,
2490717,230004226,2,False,3801,1/2/2023 6:10:00 PM,1810,,1227,3801,San Francisco,38,True,True,G,VEHICLE/PEDESTRAIN,,Monday,,,F,,False,False,True,,B,PEDESTRIAN,,1,0,RAINING,,,,,C,DARK-STREET LIGHTS,,,,,,,E,IN ROAD - INCLUDES SHOULDER,,A,22107,,1,TERRY A FRANCOIS BL,SOUTH,,,B,,,WARRIORS WY,,,A,7/22/2024 5:23:43 PM,1/28/2025 1:29:26 PM,,,2,,,,,,,
2490711,230001573,2,False,3801,1/1/2023 3:41:00 PM,1541,3A12C,1227,3801,San Francisco,38,True,True,G,VEHICLE/PEDESTRAIN,,Sunday,,,,,False,False,False,,B,PEDESTRIAN,,2,0,CLEAR,,NO UNUSUAL CONDITIONS - NO UNUSUAL CONDITIONS,,,A,DAYLIGHT,,,,,,,E,IN ROAD - INCLUDES SHOULDER,,A,21756A,,1,NORTH POINT ST,CENTR,,,,,,NORTH POINT ST 870,,,D,7/22/2024 5:23:41 PM,1/28/2025 1:29:25 PM,,,2,,,,,,,
2490708,230034897,2,False,3801,1/15/2023 5:59:00 PM,1759,3A12D,1227,3801,San Francisco,38,True,True,B,SIDE SWIPE,,Sunday,,,,,False,False,False,,B,PEDESTRIAN,,1,0,RAINING,,NO UNUSUAL CONDITIONS - NO UNUSUAL CONDITIONS,,,C,DARK-STREET LIGHTS,,,,,,,B,CROSSING IN CROSS WALK AT INTERSECTION,,A,22350A,,1,CALIFORNIA ST,CENTR,,,B,,,POWELL ST,,,A,7/22/2024 5:23:41 PM,1/28/2025 1:29:25 PM,,,2,,,,,,,
2490705,230017859,2,False,3801,1/8/2023 6:00:00 PM,1800,3A14D,1227,3801,San Francisco,38,True,True,G,VEHICLE/PEDESTRAIN,,Sunday,,,F,,False,False,False,,B,PEDESTRIAN,,1,0,CLEAR,,NO UNUSUAL CONDITIONS - NO UNUSUAL CONDITIONS,,,C,DARK-STREET LIGHTS,,,,,,,B,CROSSING IN CROSS WALK AT INTERSECTION,,A,21950A,,1,GEARY ST,CENTR,,,A,,,LARKIN ST,,,A,7/22/2024 5:23:40 PM,1/28/2025 1:29:25 PM,,,2,,,,,,,
2490702,230020636,2,False,3801,1/9/2023 9:21:00 PM,2121,901,1227,3801,San Francisco,38,True,True,G,VEHICLE/PEDESTRAIN,,Monday,,,,,False,False,False,,B,PEDESTRIAN,,1,0,CLEAR,,NO UNUSUAL CONDITIONS - NO UNUSUAL CONDITIONS,,,C,DARK-STREET LIGHTS,,,,,,,B,CROSSING IN CROSS WALK AT INTERSECTION,,D,,,,TAYLOR ST,TENDE,,,A,,,TURK ST,,,A,7/22/2024 5:23:38 PM,1/28/2025 1:29:25 PM,,,2,,,,,,,
2490700,230018261,2,False,3801,1/9/2023 12:29:00 AM,0029,3A11E,1227,3801,San Francisco,38,True,True,G,VEHICLE/PEDESTRAIN,,Monday,,,,,False,False,False,,B,PEDESTRIAN,,1,0,RAINING,,NO UNUSUAL CONDITIONS - NO UNUSUAL CONDITIONS,,,C,DARK-STREET LIGHTS,,,,,,,B,CROSSING IN CROSS WALK AT INTERSECTION,,A,21453A,,1,KEARNY ST,CENTR,,,B,,,BROADWAY,,,A,7/22/2024 5:23:38 PM,1/28/2025 1:29:25 PM,,,2,,,,,,,
2490699,230069935,2,False,3801,1/29/2023 7:26:00 PM,1926,4,1227,3801,San Francisco,38,True,True,G,VEHICLE/PEDESTRAIN,,Sunday,,,F,,False,False,True,,B,PEDESTRIAN,,1,0,CLEAR,,NO UNUSUAL CONDITIONS - NO UNUSUAL CONDITIONS,,,C,DARK-STREET LIGHTS,,,,,,,F,NOT IN ROAD,,A,23153F,,1,JACKSON ST,CENTR,,,A,,,FRONT ST,,,A,7/22/2024 5:23:37 PM,1/28/2025 1:29:25 PM,,,2,,,,,,,
2490698,230071742,2,False,3801,1/30/2023 2:36:00 PM,1436,6,1227,3801,San Francisco,38,True,True,G,VEHICLE/PEDESTRAIN,,Monday,,,,,False,False,False,,B,PEDESTRIAN,,1,0,CLEAR,,NO UNUSUAL CONDITIONS - NO UNUSUAL CONDITIONS,,,A,DAYLIGHT,,,,,,,B,CROSSING IN CROSS WALK AT INTERSECTION,,A,21950A,,1,16TH ST,MISSI,,,A,,,BRYANT ST,,,A,7/22/2024 5:23:37 PM,1/28/2025 1:29:25 PM,,,2,,,,,,,
2490695,220001147,2,False,3801,1/1/2023 1:14:00 PM,1314,3G13C,1227,3801,San Francisco,38,True,True,G,VEHICLE/PEDESTRAIN,,Sunday,,,,,False,False,False,,B,PEDESTRIAN,,1,0,CLEAR,,NO UNUSUAL CONDITIONS - NO UNUSUAL CONDITIONS,,,A,DAYLIGHT,,,,,,,B,CROSSING IN CROSS WALK AT INTERSECTION,,A,21950A,,1,PARK PRESDIO BL,RICHM,,,A,,,BALBOA ST,,,A,7/22/2024 5:23:36 PM,1/28/2025 1:29:24 PM,,,2,,,,,,,
2490690,230053609,2,False,3801,1/23/2023 1:56:00 PM,1356,2,1227,3801,San Francisco,38,True,True,G,VEHICLE/PEDESTRAIN,,Monday,,,F,,False,False,False,,B,PEDESTRIAN,,1,0,CLEAR,,NO UNUSUAL CONDITIONS - NO UNUSUAL CONDITIONS,,,A,DAYLIGHT,,,,,,,,,,A,21453A,,1,GEARY BL,NORTH,,,A,E,6,LAGUNA ST,F,,A,7/22/2024 5:23:34 PM,1/28/2025 1:29:24 PM,,,2,,,,,,,
2490684,230070829,2,False,3801,1/30/2023 9:20:00 AM,0920,3I16A,1227,3801,San Francisco,38,True,True,G,VEHICLE/PEDESTRAIN,,Monday,,,,,False,False,False,,B,PEDESTRIAN,,2,0,CLEAR,,NO UNUSUAL CONDITIONS - NO UNUSUAL CONDITIONS,,,A,DAYLIGHT,,,,,,,B,CROSSING IN CROSS WALK AT INTERSECTION,,A,21950A,,1,OCEAN AV,TARAV,,,A,,,HAVENSIDE DR,,,A,7/22/2024 5:23:32 PM,1/28/2025 1:29:24 PM,,,2,,,,,,,
2490678,230072320,2,False,3801,1/30/2023 6:30:00 PM,1830,3A11D,1227,3801,San Francisco,38,True,True,G,VEHICLE/PEDESTRAIN,,Monday,,,,,False,False,False,,B,PEDESTRIAN,,1,0,CLEAR,,NO UNUSUAL CONDITIONS - NO UNUSUAL CONDITIONS,,,C,DARK-STREET LIGHTS,,,,,,,B,CROSSING IN CROSS WALK AT INTERSECTION,,A,21450A,,1,NORTH POINT ST,CENTR,,,A,,,TAYLOR ST,,,A,7/22/2024 5:23:30 PM,1/28/2025 1:29:24 PM,,,2,,,,,,,
2490668,230044062,2,False,3801,1/19/2023 2:58:00 PM,1458,3A40C,1227,3801,San Francisco,38,True,True,G,VEHICLE/PEDESTRAIN,,Thursday,,,,,False,False,False,,B,PEDESTRIAN,,1,0,CLEAR,,NO UNUSUAL CONDITIONS - NO UNUSUAL CONDITIONS,,,A,DAYLIGHT,,,,,,,D,CROSSING - NOT IN CROSSWALK,,A,21955,,1,NORTH POINT ST,CENTR,,,A,,,TAYLOR ST,,,A,7/22/2024 5:23:27 PM,1/28/2025 1:29:23 PM,,,2,,,,,,,
2490666,230049551,2,False,3801,1/21/2023 6:25:00 PM,1825,3H15D,1227,3801,San Francisco,38,True,True,G,VEHICLE/PEDESTRAIN,,Saturday,,,F,,False,False,False,,B,PEDESTRIAN,,1,0,CLEAR,,NO UNUSUAL CONDITIONS - NO UNUSUAL CONDITIONS,,,C,DARK-STREET LIGHTS,,,,,,,B,CROSSING IN CROSS WALK AT INTERSECTION,,A,21950A,,1,MOSCOW ST,INGLE,,,A,,,ITALY ST,,,D,7/22/2024 5:23:26 PM,1/28/2025 1:29:23 PM,,,2,,,,,,,
2490663,230053637,2,False,3801,1/23/2023 2:11:00 PM,1411,3A15C,1227,3801,San Francisco,38,True,True,G,VEHICLE/PEDESTRAIN,,Monday,,,,,False,False,False,,B,PEDESTRIAN,,1,0,CLEAR,,NO UNUSUAL CONDITIONS - NO UNUSUAL CONDITIONS,,,A,DAYLIGHT,,,,,,,B,CROSSING IN CROSS WALK AT INTERSECTION,,A,21950A,,1,GEARY ST,CENTR,,,A,W,16,TAYLOR ST,F,,A,7/22/2024 5:23:25 PM,1/28/2025 1:29:23 PM,,,2,,,,,,,