Collision Id,Report Number,Report Version,Is Preliminary,NCIC Code,Crash Date Time,Crash Time Description,Beat,City Id,City Code,City Name,County Code,City Is Active,City Is Incorporated,Collision Type Code,Collision Type Description,Collision Type Other Desc,Day Of Week,DispatchNotified,HasPhotographs,HitRun,IsAttachmentsMailed,IsDeleted,IsHighwayRelated,IsTowAway,JudicialDistrict,MotorVehicleInvolvedWithCode,MotorVehicleInvolvedWithDesc,MotorVehicleInvolvedWithOtherDesc,NumberInjured,NumberKilled,Weather 1,Weather 2,Road Condition 1,Road Condition 2,Special Condition,LightingCode,LightingDescription,Latitude,Longitude,MilepostDirection,MilepostDistance,MilepostMarker,MilepostUnitOfMeasure,PedestrianActionCode,PedestrianActionDesc,PreparedDate,Primary Collision Factor Code,Primary Collision Factor Violation,PrimaryCollisionFactorIsCited,PrimaryCollisionPartyNumber,PrimaryRoad,ReportingDistrict,ReportingDistrictCode,ReviewedDate,RoadwaySurfaceCode,SecondaryDirection,SecondaryDistance,SecondaryRoad,SecondaryUnitOfMeasure,SketchDesc,TrafficControlDeviceCode,CreatedDate,ModifiedDate,IsCountyRoad,IsFreeway,CHP555Version,IsAdditonalObjectStruck,NotificationDate,NotificationTimeDescription,HasDigitalMediaFiles,EvidenceNumber,IsLocationReferToNarrative,IsAOIOneSameAsLocation
2512409,230234611,2,False,3801,4/4/2023 7:14:00 PM,1914,11,1227,3801,San Francisco,38,True,True,D,BROADSIDE,,Tuesday,,,,,False,False,False,,B,PEDESTRIAN,,1,0,CLEAR,,NO UNUSUAL CONDITIONS - NO UNUSUAL CONDITIONS,,,A,DAYLIGHT,,,,,,,D,CROSSING - NOT IN CROSSWALK,,A,21954A,,1,JUDAH ST,TARA,,,A,,,8TH AV,,,A,7/23/2024 9:04:26 AM,1/28/2025 1:46:53 PM,,,2,,,,,,,
2512393,230226884,2,False,3801,4/1/2023 8:47:00 PM,2047,3G14D,1227,3801,San Francisco,38,True,True,C,REAR END,,Saturday,,,,,False,False,True,,C,OTHER MOTOR VEHICLE,,2,0,CLEAR,,NO UNUSUAL CONDITIONS - NO UNUSUAL CONDITIONS,,,C,DARK-STREET LIGHTS,,,,,,,E,IN ROAD - INCLUDES SHOULDER,,A,22350,,1,FULTON ST,RICHM,,,A,W,40,25TH AV,F,,A,7/23/2024 9:04:25 AM,1/28/2025 1:46:52 PM,,,2,,,,,,,
2512390,230226737,2,False,3801,4/1/2023 7:33:00 PM,1933,3B13D,1227,3801,San Francisco,38,True,True,G,VEHICLE/PEDESTRAIN,,Saturday,,,F,,False,False,False,,B,PEDESTRIAN,,1,0,CLEAR,,,,,C,DARK-STREET LIGHTS,,,,,,,B,CROSSING IN CROSS WALK AT INTERSECTION,,D,,,,6TH ST,SOUTH,,,A,,,MINNA ST,,,A,7/23/2024 9:04:25 AM,1/28/2025 1:46:52 PM,,,2,,,,,,,
2512389,230224816,2,False,3801,4/1/2023 12:06:00 AM,0006,B1,1227,3801,San Francisco,38,True,True,C,REAR END,,Saturday,,,,,False,False,False,,B,PEDESTRIAN,,1,0,CLEAR,,NO UNUSUAL CONDITIONS - NO UNUSUAL CONDITIONS,,,C,DARK-STREET LIGHTS,,,,,,,D,CROSSING - NOT IN CROSSWALK,,A,21955,,1,THE EMBARCADERO,SOUTH,,,A,S,20,FOLSOM ST,F,,A,7/23/2024 9:04:25 AM,1/28/2025 1:46:52 PM,,,2,,,,,,,
2512383,230260569,2,False,3801,4/14/2023 9:05:00 PM,2105,3A12E,1227,3801,San Francisco,38,True,True,G,VEHICLE/PEDESTRAIN,,Friday,,,,,False,False,False,,B,PEDESTRIAN,,1,0,CLEAR,,NO UNUSUAL CONDITIONS - NO UNUSUAL CONDITIONS,,,C,DARK-STREET LIGHTS,,,,,,,B,CROSSING IN CROSS WALK AT INTERSECTION,,A,22350,,1,KEARNY ST,CENTR,,,A,N,1,POST ST,F,,A,7/23/2024 9:04:25 AM,1/28/2025 1:46:52 PM,,,2,,,,,,,
2512382,230243929,2,False,3801,4/8/2023 3:05:00 PM,1505,3E94D,1227,3801,San Francisco,38,True,True,G,VEHICLE/PEDESTRAIN,,Saturday,,,,,False,False,True,,I,FIXED OBJECT,,1,0,CLEAR,,NO UNUSUAL CONDITIONS - NO UNUSUAL CONDITIONS,,,A,DAYLIGHT,,,,,,,F,NOT IN ROAD,,A,21801A,,1,LOMBARD ST,NORTH,,,A,,,OCTAVIA ST,,,A,7/23/2024 9:04:25 AM,1/28/2025 1:46:52 PM,,,2,,,,,,,
2512372,230290964,2,False,3801,4/26/2023 8:46:00 PM,2046,3H13D,1227,3801,San Francisco,38,True,True,G,VEHICLE/PEDESTRAIN,,Wednesday,,,,,False,False,False,,B,PEDESTRIAN,,1,0,CLOUDY,,NO UNUSUAL CONDITIONS - NO UNUSUAL CONDITIONS,,,C,DARK-STREET LIGHTS,,,,,,,B,CROSSING IN CROSS WALK AT INTERSECTION,,A,21950A,,1,SILVER AV,INGLE,,,A,,,MADISON ST,,,D,7/23/2024 9:04:24 AM,1/28/2025 1:46:51 PM,,,2,,,,,,,
2512370,230297318,2,False,3801,4/29/2023 11:07:00 AM,1107,3H11A,1227,3801,San Francisco,38,True,True,G,VEHICLE/PEDESTRAIN,,Saturday,,,F,,False,False,False,,B,PEDESTRIAN,,1,0,CLEAR,,NO UNUSUAL CONDITIONS - NO UNUSUAL CONDITIONS,,,A,DAYLIGHT,,,,,,,E,IN ROAD - INCLUDES SHOULDER,,A,21954A,,2,POTRERO AV,INGLE,,,A,S,81,16TH ST,F,,D,7/23/2024 9:04:24 AM,1/28/2025 1:46:51 PM,,,2,,,,,,,
2512367,230241923,2,False,3801,4/7/2023 4:52:00 PM,1652,3E1D,1227,3801,San Francisco,38,True,True,G,VEHICLE/PEDESTRAIN,,Friday,,,,,False,False,False,,B,PEDESTRIAN,,1,0,CLEAR,,NO UNUSUAL CONDITIONS - NO UNUSUAL CONDITIONS,,,A,DAYLIGHT,,,,,,,B,CROSSING IN CROSS WALK AT INTERSECTION,,A,21950A,,1,HAYES ST,NORTH,,,A,,,VAN NESS AV,,,A,7/23/2024 9:04:24 AM,1/28/2025 1:46:51 PM,,,2,,,,,,,
2512365,230249212,2,False,3801,4/11/2023 3:14:00 PM,1514,3E61,1227,3801,San Francisco,38,True,True,G,VEHICLE/PEDESTRAIN,,Tuesday,,,,,False,False,False,,B,PEDESTRIAN,,1,0,CLEAR,,NO UNUSUAL CONDITIONS - NO UNUSUAL CONDITIONS,,,A,DAYLIGHT,,,,,,,D,CROSSING - NOT IN CROSSWALK,,A,21950A,,1,OFARRELL ST,NORTH,,,A,,,SCOTT ST,,,D,7/23/2024 9:04:24 AM,1/28/2025 1:46:51 PM,,,2,,,,,,,
2512356,230268212,2,False,3801,4/18/2023 9:26:00 AM,0926,3J13A,1227,3801,San Francisco,38,True,True,,,,Tuesday,,,F,,False,False,False,,B,PEDESTRIAN,,1,0,CLEAR,,NO UNUSUAL CONDITIONS - NO UNUSUAL CONDITIONS,,,A,DAYLIGHT,,,,,,,B,CROSSING IN CROSS WALK AT INTERSECTION,,A,21453A,,1,EDDY ST,TENDE,,,A,,,HYDE ST,,,A,7/23/2024 9:04:23 AM,1/28/2025 1:46:50 PM,,,2,,,,,,,
2512355,230226834,2,False,3801,4/1/2023 8:45:00 PM,2045,3A14D,1227,3801,San Francisco,38,True,True,G,VEHICLE/PEDESTRAIN,,Saturday,,,,,False,False,False,,B,PEDESTRIAN,,1,0,CLEAR,,NO UNUSUAL CONDITIONS - NO UNUSUAL CONDITIONS,,,C,DARK-STREET LIGHTS,,,,,,,B,CROSSING IN CROSS WALK AT INTERSECTION,,A,21950A,,1,STOCKTON ST,CENTR,,,A,,,WASHINGTON ST,,,A,7/23/2024 9:04:23 AM,1/28/2025 1:46:50 PM,,,2,,,,,,,
2512353,230289939,2,False,3801,4/26/2023 2:20:00 PM,1420,3E15D,1227,3801,San Francisco,38,True,True,G,VEHICLE/PEDESTRAIN,,Wednesday,,,,,False,False,False,,B,PEDESTRIAN,,2,0,CLEAR,,NO UNUSUAL CONDITIONS - NO UNUSUAL CONDITIONS,,,A,DAYLIGHT,,,,,,,F,NOT IN ROAD,,A,21461A,,1,MARINA BL,NORTH,,,A,E,45,DIVISADERO ST,F,,D,7/23/2024 9:04:23 AM,1/28/2025 1:46:50 PM,,,2,,,,,,,
2512352,230290914,2,False,3801,4/26/2023 8:42:00 PM,2042,3E13D,1227,3801,San Francisco,38,True,True,A,HEAD-ON,,Wednesday,,,,,False,False,False,,B,PEDESTRIAN,,1,0,CLEAR,,NO UNUSUAL CONDITIONS - NO UNUSUAL CONDITIONS,,,C,DARK-STREET LIGHTS,,,,,,,B,CROSSING IN CROSS WALK AT INTERSECTION,,A,21950A,,1,BUSH ST,NORTH,,,A,,,GOUGH ST,,,A,7/23/2024 9:04:23 AM,1/28/2025 1:46:50 PM,,,2,,,,,,,
2512348,230284268,2,False,3801,4/24/2023 1:45:00 PM,1345,3J91C,1227,3801,San Francisco,38,True,True,G,VEHICLE/PEDESTRAIN,,Monday,,,,,False,False,False,,B,PEDESTRIAN,,1,0,CLEAR,,,,,,,,,,,,,,,,A,21950A,,1,TAYLOR ST,TENDE,,,A,,,MARKET ST,,,A,7/23/2024 9:04:23 AM,1/28/2025 1:46:50 PM,,,2,,,,,,,
2512338,230256778,2,False,3801,4/13/2023 2:29:00 PM,1429,3I2B,1227,3801,San Francisco,38,True,True,G,VEHICLE/PEDESTRAIN,,Thursday,,,,,False,False,False,,B,PEDESTRIAN,,2,0,CLEAR,,NO UNUSUAL CONDITIONS - NO UNUSUAL CONDITIONS,,,A,DAYLIGHT,,,,,,,B,CROSSING IN CROSS WALK AT INTERSECTION,,A,21950A,,1,TARAVAL ST,TARAV,,,A,,,32ND AV,,,A,7/23/2024 9:04:23 AM,1/28/2025 1:46:50 PM,,,2,,,,,,,
2512252,230236009,2,False,3801,4/5/2023 12:38:00 PM,1238,G2,1227,3801,San Francisco,38,True,True,G,VEHICLE/PEDESTRAIN,,Wednesday,,,,,False,False,False,,B,PEDESTRIAN,,1,0,CLEAR,,NO UNUSUAL CONDITIONS - NO UNUSUAL CONDITIONS,,,A,DAYLIGHT,,,,,,,E,IN ROAD - INCLUDES SHOULDER,,A,21954A,,1,CALIFORNIA ST,RICHM,,,A,W,100,LOCUST ST,F,,D,7/23/2024 9:04:19 AM,1/28/2025 1:46:45 PM,,,2,,,,,,,
2512135,230296821,2,False,3801,4/29/2023 1:16:00 AM,0116,3J13E,1227,3801,San Francisco,38,True,True,G,VEHICLE/PEDESTRAIN,,Saturday,,,,,False,False,False,,B,PEDESTRIAN,,2,0,CLEAR,,NO UNUSUAL CONDITIONS - NO UNUSUAL CONDITIONS,,,C,DARK-STREET LIGHTS,,,,,,,B,CROSSING IN CROSS WALK AT INTERSECTION,,A,21950A,,1,ELLIS ST,TENDE,,,A,,,HYDE ST,,,A,7/23/2024 9:04:14 AM,1/28/2025 1:46:40 PM,,,2,,,,,,,
2512133,230275358,2,False,3801,4/20/2023 7:08:00 PM,1908,3I1D,1227,3801,San Francisco,38,True,True,G,VEHICLE/PEDESTRAIN,,Thursday,,,,,False,False,False,,B,PEDESTRIAN,,1,0,CLEAR,,NO UNUSUAL CONDITIONS - NO UNUSUAL CONDITIONS,,,B,DUSK-DAWN,,,,,,,B,CROSSING IN CROSS WALK AT INTERSECTION,,A,21950B,,1,KIRKHAM ST,TARAV,,,A,,,30TH AV,,,D,7/23/2024 9:04:14 AM,1/28/2025 1:46:40 PM,,,2,,,,,,,
2512128,230269016,2,False,3801,4/18/2023 2:15:00 PM,1415,3I13B,1227,3801,San Francisco,38,True,True,G,VEHICLE/PEDESTRAIN,,Tuesday,,,,,False,False,False,,B,PEDESTRIAN,,1,0,CLEAR,,NO UNUSUAL CONDITIONS - NO UNUSUAL CONDITIONS,,,A,DAYLIGHT,,,,,,,B,CROSSING IN CROSS WALK AT INTERSECTION,,A,21954A,,1,19TH AV,TARAV,,,A,,,WINSTON DR,,,A,7/23/2024 9:04:14 AM,1/28/2025 1:46:40 PM,,,2,,,,,,,
2512126,230273669,2,False,3801,4/20/2023 7:02:00 AM,0702,3I1A,1227,3801,San Francisco,38,True,True,G,VEHICLE/PEDESTRAIN,,Thursday,,,,,False,False,False,,B,PEDESTRIAN,,1,0,CLEAR,,NO UNUSUAL CONDITIONS - NO UNUSUAL CONDITIONS,,,A,DAYLIGHT,,,,,,,D,CROSSING - NOT IN CROSSWALK,,A,21950A,,1,VICENTE ST,TARAV,,,A,,,27TH AV,,,D,7/23/2024 9:04:14 AM,1/28/2025 1:46:39 PM,,,2,,,,,,,
2512125,230281004,2,False,3801,4/23/2023 2:32:00 AM,0232,3C11E,1227,3801,San Francisco,38,True,True,G,VEHICLE/PEDESTRAIN,,Sunday,,,,,False,False,False,,B,PEDESTRIAN,,1,0,CLEAR,,NO UNUSUAL CONDITIONS - NO UNUSUAL CONDITIONS,,,C,DARK-STREET LIGHTS,,,,,,,E,IN ROAD - INCLUDES SHOULDER,,A,22350,,1,DAKOTA ST,BAYVI,,,A,E,207,23RD ST,F,,D,7/23/2024 9:04:14 AM,1/28/2025 1:46:39 PM,,,2,,,,,,,
2512118,230272144,2,False,3801,4/19/2023 3:04:00 PM,1504,3E11D,1227,3801,San Francisco,38,True,True,G,VEHICLE/PEDESTRAIN,,Wednesday,,,F,,False,False,False,,B,PEDESTRIAN,,1,0,CLEAR,,NO UNUSUAL CONDITIONS - NO UNUSUAL CONDITIONS,,,A,DAYLIGHT,,,,,,,E,IN ROAD - INCLUDES SHOULDER,,A,22106,,1,GEARY ST,NORTH,,,A,W,45,LARKIN ST,F,,D,7/23/2024 9:04:13 AM,1/28/2025 1:46:39 PM,,,2,,,,,,,
2511656,230320135,2,False,3801,5/8/2023 4:46:00 PM,1646,3J90D,1227,3801,San Francisco,38,True,True,G,VEHICLE/PEDESTRAIN,,Monday,,,,,False,False,False,,B,PEDESTRIAN,,0,0,CLEAR,,NO UNUSUAL CONDITIONS - NO UNUSUAL CONDITIONS,,,A,DAYLIGHT,,,,,,,B,CROSSING IN CROSS WALK AT INTERSECTION,,A,21456A,,1,TURK ST,TENDE,,,A,,,HYDE ST,,,A,7/23/2024 9:03:53 AM,1/28/2025 1:46:16 PM,,,2,,,,,,,
2511655,230331198,2,False,3801,5/12/2023 9:50:00 PM,2150,3J13D,1227,3801,San Francisco,38,True,True,G,VEHICLE/PEDESTRAIN,,Friday,,,,,False,False,False,,B,PEDESTRIAN,,1,0,CLEAR,,NO UNUSUAL CONDITIONS - NO UNUSUAL CONDITIONS,,,C,DARK-STREET LIGHTS,,,,,,,B,CROSSING IN CROSS WALK AT INTERSECTION,,A,21950A,,1,LARKIN ST,TENDE,,,A,,,MCALLISTER ST,,,A,7/23/2024 9:03:53 AM,1/28/2025 1:46:16 PM,,,2,,,,,,,
2511607,230363743,2,False,3801,5/26/2023 3:05:00 PM,1505,3I15D,1227,3801,San Francisco,38,True,True,G,VEHICLE/PEDESTRAIN,,Friday,,,,,False,False,False,,B,PEDESTRIAN,,1,0,CLEAR,,NO UNUSUAL CONDITIONS - NO UNUSUAL CONDITIONS,,,A,DAYLIGHT,,,,,,,D,CROSSING - NOT IN CROSSWALK,,A,22106,,1,IRVING ST,TARAV,,,A,E,45,25TH AV,F,,D,7/23/2024 9:03:52 AM,1/28/2025 1:46:14 PM,,,2,,,,,,,
2511599,230317803,2,False,3801,5/7/2023 5:02:00 PM,1702,,1227,3801,San Francisco,38,True,True,G,VEHICLE/PEDESTRAIN,,Sunday,,,,,False,False,False,,,,,1,0,CLEAR,,NO UNUSUAL CONDITIONS - NO UNUSUAL CONDITIONS,,,A,DAYLIGHT,,,,,,,B,CROSSING IN CROSS WALK AT INTERSECTION,,A,21950A,,1,POST ST,NORTH,,,A,,,PIERCE ST,,,D,7/23/2024 9:03:51 AM,1/28/2025 1:46:14 PM,,,2,,,,,,,
2511596,230323866,2,False,3801,5/10/2023 5:54:00 AM,0554,0600,1227,3801,San Francisco,38,True,True,G,VEHICLE/PEDESTRAIN,,Wednesday,,,,,False,False,False,,B,PEDESTRIAN,,1,0,CLEAR,,NO UNUSUAL CONDITIONS - NO UNUSUAL CONDITIONS,,,A,DAYLIGHT,,,,,,,F,NOT IN ROAD,,A,21663,,1,3RD ST,SOUTH,,,A,,,HOWARD ST,,,D,7/23/2024 9:03:51 AM,1/28/2025 1:46:14 PM,,,2,,,,,,,
2511594,230357906,2,False,3801,5/24/2023 10:37:00 AM,1037,901,1227,3801,San Francisco,38,True,True,G,VEHICLE/PEDESTRAIN,,Wednesday,,,,,False,False,False,,B,PEDESTRIAN,,1,0,CLEAR,,NO UNUSUAL CONDITIONS - NO UNUSUAL CONDITIONS,,,A,DAYLIGHT,,,,,,,E,IN ROAD - INCLUDES SHOULDER,,A,21954A,,1,LARKIN ST,MISSI,,,A,E,42,OLIVE ST,F,,D,7/23/2024 9:03:51 AM,1/28/2025 1:46:14 PM,,,2,,,,,,,
2511590,230363652,2,False,3801,5/26/2023 12:48:00 PM,1248,3C15D,1227,3801,San Francisco,38,True,True,G,VEHICLE/PEDESTRAIN,,Friday,,,,,False,False,False,,B,PEDESTRIAN,,1,0,CLEAR,,NO UNUSUAL CONDITIONS - NO UNUSUAL CONDITIONS,,,A,DAYLIGHT,,,,,,,B,CROSSING IN CROSS WALK AT INTERSECTION,,A,21950A,,,BANKS ST,BAYVI,,,A,,,CRESCENT AV,,,A,7/23/2024 9:03:51 AM,1/28/2025 1:46:14 PM,,,2,,,,,,,
2511585,230370312,2,False,3801,5/29/2023 2:14:00 PM,1414,,1227,3801,San Francisco,38,True,True,G,VEHICLE/PEDESTRAIN,,Monday,,,,,False,False,False,,B,PEDESTRIAN,,1,0,CLEAR,,NO UNUSUAL CONDITIONS - NO UNUSUAL CONDITIONS,,,A,DAYLIGHT,,,,,,,D,CROSSING - NOT IN CROSSWALK,,A,21954,,1,FULTON ST,RICHM,,,A,W,12,10TH AV,F,,A,7/23/2024 9:03:51 AM,1/28/2025 1:46:13 PM,,,2,,,,,,,
2511577,230303012,2,False,3801,5/1/2023 6:35:00 PM,1835,901,1227,3801,San Francisco,38,True,True,G,VEHICLE/PEDESTRAIN,,Monday,,,,,False,False,True,,B,PEDESTRIAN,,1,0,CLEAR,,NO UNUSUAL CONDITIONS - NO UNUSUAL CONDITIONS,,,A,DAYLIGHT,,,,,,,B,CROSSING IN CROSS WALK AT INTERSECTION,,A,21950A,,1,HOLLOWAY AV,TARAV,,,A,,,ARELLANO AV,,,A,7/23/2024 9:03:50 AM,1/28/2025 1:46:13 PM,,,2,,,,,,,
2511575,230305999,2,False,3801,5/2/2023 10:23:00 PM,2223,3A14E,1227,3801,San Francisco,38,True,True,G,VEHICLE/PEDESTRAIN,,Tuesday,,,,,False,False,False,,B,PEDESTRIAN,,1,0,CLOUDY,RAINING,NO UNUSUAL CONDITIONS - NO UNUSUAL CONDITIONS,,,C,DARK-STREET LIGHTS,,,,,,,D,CROSSING - NOT IN CROSSWALK,,D,,,,STOCKTON ST,CENTR,,,B,,,PACIFIC AV,,,A,7/23/2024 9:03:50 AM,1/28/2025 1:46:13 PM,,,2,,,,,,,
2511571,230365090,2,False,3801,5/27/2023 2:31:00 AM,0231,3B14E,1227,3801,San Francisco,38,True,True,G,VEHICLE/PEDESTRAIN,,Saturday,,,,,False,False,False,,B,PEDESTRIAN,,1,0,CLEAR,,NO UNUSUAL CONDITIONS - NO UNUSUAL CONDITIONS,,,C,DARK-STREET LIGHTS,,,,,,,D,CROSSING - NOT IN CROSSWALK,,A,21954A,,1,11TH ST,SOUTH,,,A,S,140,FOLSOM ST,F,,D,7/23/2024 9:03:50 AM,1/28/2025 1:46:12 PM,,,2,,,,,,,
2511566,230304258,2,False,3801,5/2/2023 10:38:00 AM,1038,3801,1227,3801,San Francisco,38,True,True,G,VEHICLE/PEDESTRAIN,,Tuesday,,,,,False,False,True,,B,PEDESTRIAN,,1,0,CLEAR,,NO UNUSUAL CONDITIONS - NO UNUSUAL CONDITIONS,,,A,DAYLIGHT,,,,,,,B,CROSSING IN CROSS WALK AT INTERSECTION,,A,21453D,,1,3RD ST,BAYVI,,,A,,,ARMSTRONG AV,,,A,7/23/2024 9:03:50 AM,1/28/2025 1:46:12 PM,,,2,,,,,,,
2511565,230315255,2,False,3801,5/6/2023 3:27:00 PM,1527,COJ5CA,1227,3801,San Francisco,38,True,True,G,VEHICLE/PEDESTRAIN,,Saturday,,,,,False,False,False,,B,PEDESTRIAN,,1,0,CLEAR,,NO UNUSUAL CONDITIONS - NO UNUSUAL CONDITIONS,,,A,DAYLIGHT,,,,,,,D,CROSSING - NOT IN CROSSWALK,,A,21954A,,1,LARKIN ST,TENDE,,,A,,,MYRTLE ST,,,A,7/23/2024 9:03:50 AM,1/28/2025 1:46:12 PM,,,2,,,,,,,
2511564,230308589,2,False,3801,5/3/2023 5:25:00 PM,1725,COJ5CA,1227,3801,San Francisco,38,True,True,G,VEHICLE/PEDESTRAIN,,Wednesday,,,,,False,False,False,,B,PEDESTRIAN,,1,0,CLEAR,,NO UNUSUAL CONDITIONS - NO UNUSUAL CONDITIONS,,,A,DAYLIGHT,,,,,,,B,CROSSING IN CROSS WALK AT INTERSECTION,,A,21950A,,1,OFARRELL ST,TENDE,,,B,,,LARKIN ST,,,A,7/23/2024 9:03:50 AM,1/28/2025 1:46:12 PM,,,2,,,,,,,
2511562,230330924,2,False,3801,5/12/2023 8:01:00 PM,2001,,1227,3801,San Francisco,38,True,True,D,BROADSIDE,,Friday,,,F,,False,False,False,,B,PEDESTRIAN,,1,0,CLEAR,,NO UNUSUAL CONDITIONS - NO UNUSUAL CONDITIONS,,,B,DUSK-DAWN,,,,,,,B,CROSSING IN CROSS WALK AT INTERSECTION,,A,21663,,1,17TH ST,MISSI,,,A,,,CAPP ST,,,A,7/23/2024 9:03:50 AM,1/28/2025 1:46:12 PM,,,2,,,,,,,
2511561,230312728,2,False,3801,5/5/2023 2:31:00 PM,1431,3J90D,1227,3801,San Francisco,38,True,True,G,VEHICLE/PEDESTRAIN,,Friday,,,,,False,False,False,,B,PEDESTRIAN,,1,0,CLEAR,,NO UNUSUAL CONDITIONS - NO UNUSUAL CONDITIONS,,,A,DAYLIGHT,,,,,,,B,CROSSING IN CROSS WALK AT INTERSECTION,,A,21453D,,1,LARKIN ST,TENDE,,,A,,,EDDY ST,,,A,7/23/2024 9:03:50 AM,1/28/2025 1:46:12 PM,,,2,,,,,,,
2511557,230320511,2,False,3801,5/8/2023 6:42:00 PM,1842,315E,1227,3801,San Francisco,38,True,True,G,VEHICLE/PEDESTRAIN,,Monday,,,,,False,False,False,,B,PEDESTRIAN,,1,0,CLEAR,,NO UNUSUAL CONDITIONS - NO UNUSUAL CONDITIONS,,,B,DUSK-DAWN,,,,,,,B,CROSSING IN CROSS WALK AT INTERSECTION,,A,22350,,1,HOLLOWAY ST,TARAV,,,A,W,11,ARELLANO AV,F,,A,7/23/2024 9:03:49 AM,1/28/2025 1:46:12 PM,,,2,,,,,,,
2511458,230331336,2,False,3801,5/12/2023 11:37:00 PM,2337,B5,1227,3801,San Francisco,38,True,True,G,VEHICLE/PEDESTRAIN,,Friday,,,,,False,False,True,,B,PEDESTRIAN,,1,0,CLEAR,,NO UNUSUAL CONDITIONS - NO UNUSUAL CONDITIONS,,,C,DARK-STREET LIGHTS,,,,,,,B,CROSSING IN CROSS WALK AT INTERSECTION,,D,,,,TOWNSEND ST,SOUTH,,,A,,,3RD ST,,,A,7/23/2024 9:03:46 AM,1/28/2025 1:46:07 PM,,,2,,,,,,,
2528343,230383967,2,False,3801,6/3/2023 9:58:00 PM,2158,3G15D,1227,3801,San Francisco,38,True,True,D,BROADSIDE,,Saturday,,,F,,False,False,False,,B,PEDESTRIAN,,1,0,CLEAR,,NO UNUSUAL CONDITIONS - NO UNUSUAL CONDITIONS,,,A,DAYLIGHT,,,,,,,B,CROSSING IN CROSS WALK AT INTERSECTION,,A,21950A,,1,CLEMENT ST,RICHM,,,A,,,34TH AV,,,D,7/23/2024 9:19:01 AM,1/28/2025 2:01:13 PM,,,2,,,,,,,
2528338,230378758,2,False,3801,6/1/2023 4:00:00 PM,1600,3J12D,1227,3801,San Francisco,38,True,True,G,VEHICLE/PEDESTRAIN,,Thursday,,,F,,False,False,False,,B,PEDESTRIAN,,1,0,CLEAR,,NO UNUSUAL CONDITIONS - NO UNUSUAL CONDITIONS,,,A,DAYLIGHT,,,,,,,D,CROSSING - NOT IN CROSSWALK,,A,21955A,,2,HYDE ST,TENDE,,,A,,,GROVE ST,,,A,7/23/2024 9:19:01 AM,1/28/2025 2:01:13 PM,,,2,,,,,,,
2528337,230381591,2,False,3801,6/2/2023 5:51:00 PM,1751,,1227,3801,San Francisco,38,True,True,G,VEHICLE/PEDESTRAIN,,Friday,,,,,False,False,False,,B,PEDESTRIAN,,1,0,CLEAR,,NO UNUSUAL CONDITIONS - NO UNUSUAL CONDITIONS,,,A,DAYLIGHT,,,,,,,D,CROSSING - NOT IN CROSSWALK,,A,21954A,,1,POWELL,CENTR,,,A,S,150,JACKSON ST,F,,D,7/23/2024 9:19:01 AM,1/28/2025 2:01:13 PM,,,2,,,,,,,
2528335,230390928,2,False,3801,6/6/2023 5:22:00 PM,1722,3J91D,1227,3801,San Francisco,38,True,True,A,HEAD-ON,,Tuesday,,,,,False,False,False,,B,PEDESTRIAN,,2,0,CLEAR,,NO UNUSUAL CONDITIONS - NO UNUSUAL CONDITIONS,,,A,DAYLIGHT,,,,,,,E,IN ROAD - INCLUDES SHOULDER,,A,21209,,1,TURK ST,TENDE,,,A,,,JONES ST,,,A,7/23/2024 9:19:00 AM,1/28/2025 2:01:12 PM,,,2,,,,,,,
2528334,230380816,2,False,3801,6/2/2023 1:31:00 PM,1331,901,1227,3801,San Francisco,38,True,True,G,VEHICLE/PEDESTRAIN,,Friday,,,,,False,False,False,,B,PEDESTRIAN,,1,0,CLEAR,,HOLES- DEEPRUT* - HOLES- DEEPRUT*,,,A,DAYLIGHT,,,,,,,B,CROSSING IN CROSS WALK AT INTERSECTION,,A,21950A,,1,22ND ST,BAYVI,,,A,,,MINNESOTA ST,,,D,7/23/2024 9:19:00 AM,1/28/2025 2:01:12 PM,,,2,,,,,,,
2528324,230401393,2,False,3801,6/11/2023 2:32:00 AM,0232,3B12E,1227,3801,San Francisco,38,True,True,A,HEAD-ON,,Sunday,,,F,,False,False,True,,J,OTHER OBJECT,,1,0,CLEAR,,NO UNUSUAL CONDITIONS - NO UNUSUAL CONDITIONS,,,C,DARK-STREET LIGHTS,,,,,,,F,NOT IN ROAD,,A,23153A,,1,HARRISON ST,SOUTH,,,A,W,15,3RD ST,F,,D,7/23/2024 9:19:00 AM,1/28/2025 2:01:12 PM,,,2,,,,,,,
2528315,230394588,2,False,3801,6/8/2023 10:15:00 AM,1015,3E16C,1227,3801,San Francisco,38,True,True,G,VEHICLE/PEDESTRAIN,,Thursday,,,F,,False,False,False,,B,PEDESTRIAN,,1,0,CLEAR,,NO UNUSUAL CONDITIONS - NO UNUSUAL CONDITIONS,,,A,DAYLIGHT,,,,,,,F,NOT IN ROAD,,A,21804A,,1,EDDY ST,NORTH,,,A,E,14,POLK ST,F,,D,7/23/2024 9:18:59 AM,1/28/2025 2:01:11 PM,,,2,,,,,,,