Collision Id,Report Number,Report Version,Is Preliminary,NCIC Code,Crash Date Time,Crash Time Description,Beat,City Id,City Code,City Name,County Code,City Is Active,City Is Incorporated,Collision Type Code,Collision Type Description,Collision Type Other Desc,Day Of Week,DispatchNotified,HasPhotographs,HitRun,IsAttachmentsMailed,IsDeleted,IsHighwayRelated,IsTowAway,JudicialDistrict,MotorVehicleInvolvedWithCode,MotorVehicleInvolvedWithDesc,MotorVehicleInvolvedWithOtherDesc,NumberInjured,NumberKilled,Weather 1,Weather 2,Road Condition 1,Road Condition 2,Special Condition,LightingCode,LightingDescription,Latitude,Longitude,MilepostDirection,MilepostDistance,MilepostMarker,MilepostUnitOfMeasure,PedestrianActionCode,PedestrianActionDesc,PreparedDate,Primary Collision Factor Code,Primary Collision Factor Violation,PrimaryCollisionFactorIsCited,PrimaryCollisionPartyNumber,PrimaryRoad,ReportingDistrict,ReportingDistrictCode,ReviewedDate,RoadwaySurfaceCode,SecondaryDirection,SecondaryDistance,SecondaryRoad,SecondaryUnitOfMeasure,SketchDesc,TrafficControlDeviceCode,CreatedDate,ModifiedDate,IsCountyRoad,IsFreeway,CHP555Version,IsAdditonalObjectStruck,NotificationDate,NotificationTimeDescription,HasDigitalMediaFiles,EvidenceNumber,IsLocationReferToNarrative,IsAOIOneSameAsLocation
2528310,230398762,2,False,3801,6/10/2023 1:27:00 AM,0127,3C15E,1227,3801,San Francisco,38,True,True,H,OTHER,,Saturday,,,,,False,False,True,,C,OTHER MOTOR VEHICLE,,1,0,CLEAR,,OTHER* - OTHER*,,,C,DARK-STREET LIGHTS,,,,,,,,,,A,22106,,1,FITZGERALD AV,BAYVI,,,A,E,45,INGALLS ST,F,,D,7/23/2024 9:18:59 AM,1/28/2025 2:01:11 PM,,,2,,,,,,,
2527591,230407448,2,False,3801,6/13/2023 3:10:00 PM,1510,3A13D,1227,3801,San Francisco,38,True,True,G,VEHICLE/PEDESTRAIN,,Tuesday,,,,,False,False,False,,B,PEDESTRIAN,,1,0,CLEAR,,NO UNUSUAL CONDITIONS - NO UNUSUAL CONDITIONS,,,A,DAYLIGHT,,,,,,,B,CROSSING IN CROSS WALK AT INTERSECTION,,A,21950,,1,NORTHPOINT ST,CENTR,,,A,,,LARKIN ST,,,A,7/23/2024 9:18:12 AM,1/28/2025 2:00:29 PM,,,2,,,,,,,
2527445,230180973,2,False,3801,3/14/2023 4:00:00 PM,1600,3CAR,1227,3801,San Francisco,38,True,True,,,,Tuesday,,,,,False,False,False,,B,PEDESTRIAN,,1,0,CLOUDY,RAINING,NO UNUSUAL CONDITIONS - NO UNUSUAL CONDITIONS,,,A,DAYLIGHT,,,,,,,B,CROSSING IN CROSS WALK AT INTERSECTION,,A,21950A,,1,MASONIC AV,PARK,,,B,,,OFARRELL ST,,,A,7/23/2024 9:18:03 AM,1/28/2025 2:00:22 PM,,,2,,,,,,,
2527365,230339619,2,False,3801,5/16/2023 8:36:00 PM,2036,4CAR,1227,3801,San Francisco,38,True,True,G,VEHICLE/PEDESTRAIN,,Tuesday,,,,,False,False,False,,B,PEDESTRIAN,,1,0,CLEAR,,NO UNUSUAL CONDITIONS - NO UNUSUAL CONDITIONS,,,C,DARK-STREET LIGHTS,,,,,,,B,CROSSING IN CROSS WALK AT INTERSECTION,,A,21950A,,1,SANCHEZ ST,PARK,,,A,,,MARKET ST,,,A,7/23/2024 9:17:56 AM,1/28/2025 2:00:18 PM,,,2,,,,,,,
2527363,230345478,2,False,3801,5/19/2023 7:47:00 AM,0747,3H13A,1227,3801,San Francisco,38,True,True,G,VEHICLE/PEDESTRAIN,,Friday,,,,,False,False,False,,B,PEDESTRIAN,,1,0,CLOUDY,,NO UNUSUAL CONDITIONS - NO UNUSUAL CONDITIONS,,,A,DAYLIGHT,,,,,,,D,CROSSING - NOT IN CROSSWALK,,A,21954A,,1,MISSION ST,INGLE,,,A,N,26,SANTA ROSA AV,F,,D,7/23/2024 9:17:56 AM,1/28/2025 2:00:17 PM,,,2,,,,,,,
2527362,230343400,2,False,3801,5/18/2023 10:45:00 AM,1045,3D15A,1227,3801,San Francisco,38,True,True,G,VEHICLE/PEDESTRAIN,,Thursday,,,,,False,False,False,,B,PEDESTRIAN,,1,0,CLEAR,,NO UNUSUAL CONDITIONS - NO UNUSUAL CONDITIONS,,,A,DAYLIGHT,,,,,,,F,NOT IN ROAD,,A,22109,,1,FOLSOM ST,MISSI,,,A,S,45,14TH ST,F,,A,7/23/2024 9:17:56 AM,1/28/2025 2:00:17 PM,,,2,,,,,,,
2524410,230352348,2,False,3801,5/22/2023 8:51:00 AM,0851,2,1227,3801,San Francisco,38,True,True,B,SIDE SWIPE,,Monday,,,,,False,False,False,,B,PEDESTRIAN,,1,0,CLEAR,,NO UNUSUAL CONDITIONS - NO UNUSUAL CONDITIONS,,,A,DAYLIGHT,,,,,,,B,CROSSING IN CROSS WALK AT INTERSECTION,,A,21950A,,1,6TH ST,PARK,,,A,S,6,MINNA ST,F,,A,7/23/2024 9:14:46 AM,1/28/2025 1:57:31 PM,,,2,,,,,,,
2522407,230243145,2,False,3801,4/8/2023 12:00:00 AM,2500,D1,1227,3801,San Francisco,38,True,True,G,VEHICLE/PEDESTRAIN,,Saturday,,,F,,False,False,False,,B,PEDESTRIAN,,1,0,CLOUDY,,NO UNUSUAL CONDITIONS - NO UNUSUAL CONDITIONS,,,C,DARK-STREET LIGHTS,,,,,,,E,IN ROAD - INCLUDES SHOULDER,,A,22350,,1,16TH ST,MISSI,,,A,E,187,DOLORES ST,F,,D,7/23/2024 9:12:50 AM,1/28/2025 1:55:41 PM,,,2,,,,,,,
2522257,230203462,2,False,3801,3/23/2023 6:22:00 AM,0622,,1227,3801,San Francisco,38,True,True,G,VEHICLE/PEDESTRAIN,,Thursday,,,F,,False,False,False,,B,PEDESTRIAN,,1,0,CLEAR,,NO UNUSUAL CONDITIONS - NO UNUSUAL CONDITIONS,,,B,DUSK-DAWN,,,,,,,D,CROSSING - NOT IN CROSSWALK,,A,21955A,,1,7TH ST,TENDE,,,A,,,STEVENSON ST,,,D,7/23/2024 9:12:42 AM,1/28/2025 1:55:33 PM,,,2,,,,,,,
2518969,230364343,2,False,3801,5/26/2023 7:39:00 PM,1939,3I11D,1227,3801,San Francisco,38,True,True,G,VEHICLE/PEDESTRAIN,,Friday,,,,,False,False,False,,B,PEDESTRIAN,,1,0,CLEAR,,NO UNUSUAL CONDITIONS - NO UNUSUAL CONDITIONS,,,A,DAYLIGHT,,,,,,,D,CROSSING - NOT IN CROSSWALK,,A,21954A,,1,WEST PORTAL AV,TARAV,,,A,N,118,14TH AV,F,,D,7/23/2024 9:09:41 AM,1/28/2025 1:52:31 PM,,,2,,,,,,,
2518968,230367513,2,False,3801,5/28/2023 2:32:00 AM,0232,0600,1227,3801,San Francisco,38,True,True,G,VEHICLE/PEDESTRAIN,,Sunday,,,,,False,False,False,,B,PEDESTRIAN,,1,0,CLEAR,,NO UNUSUAL CONDITIONS - NO UNUSUAL CONDITIONS,,,C,DARK-STREET LIGHTS,,,,,,,G,APPROACHING/LEAVING SCHOOL BUS,,A,21663,,1,BRANNA ST,SOUTH,,,A,,,4TH ST,,,A,7/23/2024 9:09:41 AM,1/28/2025 1:52:31 PM,,,2,,,,,,,
2518339,230340951,2,False,3801,5/17/2023 12:03:00 PM,1203,3A13A,1227,3801,San Francisco,38,True,True,G,VEHICLE/PEDESTRAIN,,Wednesday,,,,,False,False,False,,B,PEDESTRIAN,,0,0,CLEAR,,NO UNUSUAL CONDITIONS - NO UNUSUAL CONDITIONS,,,A,DAYLIGHT,,,,,,,B,CROSSING IN CROSS WALK AT INTERSECTION,,A,21950A,,1,MASON ST,CENTR,,,A,S,3,LOMBARD ST,F,,A,7/23/2024 9:09:08 AM,1/28/2025 1:51:54 PM,,,2,,,,,,,
2538100,230530588,2,False,3801,7/29/2023 11:20:00 AM,1120,3113A,1227,3801,San Francisco,38,True,True,C,REAR END,,Saturday,,,,,False,False,False,,B,PEDESTRIAN,,2,0,CLEAR,,NO UNUSUAL CONDITIONS - NO UNUSUAL CONDITIONS,,,A,DAYLIGHT,,,,,,,E,IN ROAD - INCLUDES SHOULDER,,A,21954B,,1,GREAT HWY,TARAV,,,A,,,RIVERA ST,,,D,7/23/2024 9:31:04 AM,1/28/2025 2:10:20 PM,,,2,,,,,,,
2536680,230444490,2,False,3801,6/27/2023 4:18:00 PM,1618,3H13D,1227,3801,San Francisco,38,True,True,G,VEHICLE/PEDESTRAIN,,Tuesday,,,,,False,False,False,,B,PEDESTRIAN,,1,0,CLEAR,,NO UNUSUAL CONDITIONS - NO UNUSUAL CONDITIONS,,,A,DAYLIGHT,,,,,,,B,CROSSING IN CROSS WALK AT INTERSECTION,,A,21950A,,1,GENEVA AV,INGLE,,,A,,,DELANO AV,,,A,7/23/2024 9:29:06 AM,1/28/2025 2:08:54 PM,,,2,,,,,,,
2536653,230501573,2,False,3801,7/19/2023 8:46:00 AM,0846,,1227,3801,San Francisco,38,True,True,G,VEHICLE/PEDESTRAIN,,Wednesday,,,,,False,False,False,,B,PEDESTRIAN,,1,0,CLEAR,,NO UNUSUAL CONDITIONS - NO UNUSUAL CONDITIONS,,,A,DAYLIGHT,,,,,,,B,CROSSING IN CROSS WALK AT INTERSECTION,,D,,,,GENEVA AV,INGLE,,,A,,,PARIS ST,,,A,7/23/2024 9:29:04 AM,1/28/2025 2:08:52 PM,,,2,,,,,,,
2536639,230504862,2,False,3801,7/20/2023 8:08:00 AM,0808,3,1227,3801,San Francisco,38,True,True,G,VEHICLE/PEDESTRAIN,,Thursday,,,,,False,False,False,,B,PEDESTRIAN,,1,0,CLEAR,,NO UNUSUAL CONDITIONS - NO UNUSUAL CONDITIONS,,,A,DAYLIGHT,,,,,,,B,CROSSING IN CROSS WALK AT INTERSECTION,,A,21950A,,1,POLK ST,NORTH,,,A,,,OFARRELL ST,,,A,7/23/2024 9:29:03 AM,1/28/2025 2:08:51 PM,,,2,,,,,,,
2532624,230379461,2,False,3801,6/1/2023 11:09:00 PM,2309,2,1227,3801,San Francisco,38,True,True,C,REAR END,,Thursday,,,F,,False,False,False,,C,OTHER MOTOR VEHICLE,,1,0,CLEAR,,NO UNUSUAL CONDITIONS - NO UNUSUAL CONDITIONS,,,C,DARK-STREET LIGHTS,37.779653,-122.407147,,,,,,,,A,21453A,,1,6TH ST,SOUTH,,,A,,,HOWARD ST,,,A,7/23/2024 9:24:01 AM,1/28/2025 2:05:04 PM,,,2,,,,,,,
2530863,230398615,2,False,3801,6/10/2023 12:35:00 AM,0035,3B12E,1227,3801,San Francisco,38,True,True,G,VEHICLE/PEDESTRAIN,,Saturday,,,F,,False,False,False,,B,PEDESTRIAN,,1,0,CLEAR,,NO UNUSUAL CONDITIONS - NO UNUSUAL CONDITIONS,,,C,DARK-STREET LIGHTS,,,,,,,,,,A,21453A,,1,MISSION ST,SOUTH,,,A,,,7TH ST,,,A,7/23/2024 9:21:53 AM,1/28/2025 2:03:28 PM,,,2,,,,,,,
2530861,230387793,2,False,3801,6/5/2023 12:40:00 PM,1240,3D,1227,3801,San Francisco,38,True,True,G,VEHICLE/PEDESTRAIN,,Monday,,,,,False,False,True,,B,PEDESTRIAN,,1,0,CLEAR,,NO UNUSUAL CONDITIONS - NO UNUSUAL CONDITIONS,,,A,DAYLIGHT,,,,,,,B,CROSSING IN CROSS WALK AT INTERSECTION,,A,22450A,,1,24TH ST,MISSI,,,A,S,13,YORK ST,F,,D,7/23/2024 9:21:53 AM,1/28/2025 2:03:28 PM,,,2,,,,,,,
2530859,230419910,2,False,3801,6/18/2023 4:05:00 PM,1605,3H13A,1227,3801,San Francisco,38,True,True,G,VEHICLE/PEDESTRAIN,,Sunday,,,,,False,False,False,,B,PEDESTRIAN,,2,0,CLEAR,,NO UNUSUAL CONDITIONS - NO UNUSUAL CONDITIONS,,,A,DAYLIGHT,,,,,,,B,CROSSING IN CROSS WALK AT INTERSECTION,,A,21950A,,1,MISSION ST,INGLE,,,A,N,15,AVALON AV,F,,A,7/23/2024 9:21:53 AM,1/28/2025 2:03:28 PM,,,2,,,,,,,
2530858,230441703,2,False,3801,6/26/2023 3:53:00 PM,1553,,1227,3801,San Francisco,38,True,True,G,VEHICLE/PEDESTRAIN,,Monday,,,,,False,False,False,,B,PEDESTRIAN,,1,0,CLEAR,,NO UNUSUAL CONDITIONS - NO UNUSUAL CONDITIONS,,,A,DAYLIGHT,,,,,,,B,CROSSING IN CROSS WALK AT INTERSECTION,,A,21950A,,1,JACKSON ST,CENTR,,,,,,DAVIS ST,,,D,7/23/2024 9:21:53 AM,1/28/2025 2:03:28 PM,,,2,,,,,,,
2530852,230420064,2,False,3801,6/18/2023 3:10:00 PM,1510,3I16D,1227,3801,San Francisco,38,True,True,G,VEHICLE/PEDESTRAIN,,Sunday,,,,,False,False,False,,B,PEDESTRIAN,,1,0,CLEAR,,NO UNUSUAL CONDITIONS - NO UNUSUAL CONDITIONS,,,A,DAYLIGHT,,,,,,,D,CROSSING - NOT IN CROSSWALK,,A,21954,,1,NORIEGA ST,TARAV,,,A,,,21ST AV,,,A,7/23/2024 9:21:52 AM,1/28/2025 2:03:27 PM,,,2,,,,,,,
2528960,230380543,2,False,3801,6/2/2023 11:57:00 AM,1157,3E14A,1227,3801,San Francisco,38,True,True,G,VEHICLE/PEDESTRAIN,,Friday,,,,,False,False,False,,B,PEDESTRIAN,,1,0,CLEAR,,NO UNUSUAL CONDITIONS - NO UNUSUAL CONDITIONS,,,A,DAYLIGHT,,,,,,,B,CROSSING IN CROSS WALK AT INTERSECTION,,A,21950A,,1,BROADWAY,NORTH,,,A,,,BUCHANAN ST,,,D,7/23/2024 9:19:41 AM,1/28/2025 2:01:45 PM,,,2,,,,,,,
2528951,230406296,2,False,3801,6/13/2023 7:45:00 AM,0745,D6,1227,3801,San Francisco,38,True,True,D,BROADSIDE,,Tuesday,,,,,False,False,False,,B,PEDESTRIAN,,1,0,CLOUDY,,NO UNUSUAL CONDITIONS - NO UNUSUAL CONDITIONS,,,A,DAYLIGHT,,,,,,,D,CROSSING - NOT IN CROSSWALK,,A,21453D,,1,SOUTH VAN NESS,MISSI,,,A,S,20,17TH ST,F,,A,7/23/2024 9:19:41 AM,1/28/2025 2:01:45 PM,,,2,,,,,,,
2528948,230420832,2,False,3801,6/18/2023 10:42:00 PM,2242,2107,1227,3801,San Francisco,38,True,True,G,VEHICLE/PEDESTRAIN,,Sunday,,,,,False,False,False,,B,PEDESTRIAN,,1,0,CLEAR,,,,,C,DARK-STREET LIGHTS,,,,,,,F,NOT IN ROAD,,A,21235G,,1,TURK BL,TENDE,,,A,,,TAYLOR ST,,,D,7/23/2024 9:19:41 AM,1/28/2025 2:01:45 PM,,,2,,,,,,,
2528947,230424903,2,False,3801,6/20/2023 1:37:00 PM,1337,3115A,1227,3801,San Francisco,38,True,True,G,VEHICLE/PEDESTRAIN,,Tuesday,,,,,False,False,False,,B,PEDESTRIAN,,1,0,CLEAR,,NO UNUSUAL CONDITIONS - NO UNUSUAL CONDITIONS,,,A,DAYLIGHT,,,,,,,C,CROSSING IN CROSS WALK - NOT AT INTERSECTION,,A,21950A,,1,1 HARDING RD,TARAV,,,A,W,828,SKYLINE BL,F,,D,7/23/2024 9:19:41 AM,1/28/2025 2:01:45 PM,,,2,,,,,,,
2528943,230418398,2,False,3801,6/17/2023 6:30:00 PM,1830,3,1227,3801,San Francisco,38,True,True,G,VEHICLE/PEDESTRAIN,,Saturday,,,,,False,False,False,,B,PEDESTRIAN,,1,0,CLEAR,,NO UNUSUAL CONDITIONS - NO UNUSUAL CONDITIONS,,,B,DUSK-DAWN,,,,,,,B,CROSSING IN CROSS WALK AT INTERSECTION,,A,22350,,1,INNES AV,BAYVI,,,A,E,8,FRIEDELL ST,F,,D,7/23/2024 9:19:40 AM,1/28/2025 2:01:44 PM,,,2,,,,,,,
2528940,230431607,2,False,3801,6/22/2023 10:12:00 PM,2212,3J12E,1227,3801,San Francisco,38,True,True,G,VEHICLE/PEDESTRAIN,,Thursday,,,,,False,False,False,,B,PEDESTRIAN,,1,0,CLEAR,,NO UNUSUAL CONDITIONS - NO UNUSUAL CONDITIONS,,,C,DARK-STREET LIGHTS,,,,,,,D,CROSSING - NOT IN CROSSWALK,,A,21955A,,1,6TH ST,TENDE,,,A,,,STEVENSON ST,,,D,7/23/2024 9:19:40 AM,1/28/2025 2:01:44 PM,,,2,,,,,,,
2528927,230443947,2,False,3801,6/27/2023 1:00:00 PM,1300,,1227,3801,San Francisco,38,True,True,G,VEHICLE/PEDESTRAIN,,Tuesday,,,,,False,False,False,,B,PEDESTRIAN,,1,0,CLEAR,,NO UNUSUAL CONDITIONS - NO UNUSUAL CONDITIONS,,,A,DAYLIGHT,,,,,,,B,CROSSING IN CROSS WALK AT INTERSECTION,,A,21950A,,1,GEARY ST,CENTR,,,A,,,LARKIN ST,,,A,7/23/2024 9:19:39 AM,1/28/2025 2:01:44 PM,,,2,,,,,,,
2528921,230443715,2,False,3801,6/27/2023 11:55:00 AM,1155,3B14A,1227,3801,San Francisco,38,True,True,G,VEHICLE/PEDESTRAIN,,Tuesday,,,,,False,False,False,,B,PEDESTRIAN,,1,0,CLEAR,,NO UNUSUAL CONDITIONS - NO UNUSUAL CONDITIONS,,,A,DAYLIGHT,,,,,,,C,CROSSING IN CROSS WALK - NOT AT INTERSECTION,,A,21950A,,1,GOUGH ST,SOUTH,,,A,S,103,COLTON ST,F,,D,7/23/2024 9:19:39 AM,1/28/2025 2:01:43 PM,,,2,,,,,,,
2528920,230443652,2,False,3801,6/27/2023 11:24:00 AM,1124,,1227,3801,San Francisco,38,True,True,G,VEHICLE/PEDESTRAIN,,Tuesday,,,,,False,False,False,,B,PEDESTRIAN,,1,0,CLEAR,,NO UNUSUAL CONDITIONS - NO UNUSUAL CONDITIONS,,,A,DAYLIGHT,,,,,,,B,CROSSING IN CROSS WALK AT INTERSECTION,,A,21950A,,1,SUTTER ST,NORTH,,,A,,,POLK ST,,,A,7/23/2024 9:19:39 AM,1/28/2025 2:01:43 PM,,,2,,,,,,,
2528919,1810,3,False,3801,6/24/2023 4:04:00 PM,1604,3D13D,1227,3801,San Francisco,38,True,True,D,BROADSIDE,,Saturday,,,,,False,False,True,,J,OTHER OBJECT,,5,0,CLEAR,,NO UNUSUAL CONDITIONS - NO UNUSUAL CONDITIONS,,,A,DAYLIGHT,,,,,,,B,CROSSING IN CROSS WALK AT INTERSECTION,,D,,,,GUERRERO ST,MISSI,,,A,,,22ND ST,,,A,7/23/2024 9:19:38 AM,7/18/2025 10:08:20 AM,,,2,,,,,,,
2528917,230442165,2,False,3801,6/27/2023 6:36:00 PM,1836,3E61,1227,3801,San Francisco,38,True,True,G,VEHICLE/PEDESTRAIN,,Tuesday,,,,,False,False,False,,B,PEDESTRIAN,,1,0,CLEAR,,NO UNUSUAL CONDITIONS - NO UNUSUAL CONDITIONS,,,A,DAYLIGHT,,,,,,,B,CROSSING IN CROSS WALK AT INTERSECTION,,A,21950A,,1,BUCHANAN ST,NORTH,,,A,,,FILBERT ST,,,A,7/23/2024 9:19:38 AM,1/28/2025 2:01:43 PM,,,2,,,,,,,
2528912,230437166,2,False,3801,6/25/2023 8:00:00 AM,0800,D5,1227,3801,San Francisco,38,True,True,D,BROADSIDE,,Sunday,,,,,False,False,False,,B,PEDESTRIAN,,1,0,CLEAR,,NO UNUSUAL CONDITIONS - NO UNUSUAL CONDITIONS,,,A,DAYLIGHT,,,,,,,B,CROSSING IN CROSS WALK AT INTERSECTION,,A,21950A,,1,MISSION ST,MISSI,,,B,,,14TH ST,,,A,7/23/2024 9:19:38 AM,1/28/2025 2:01:43 PM,,,2,,,,,,,
2528908,230437423,2,False,3801,6/25/2023 9:52:00 AM,0952,3B3A,1227,3801,San Francisco,38,True,True,G,VEHICLE/PEDESTRAIN,,Sunday,,,,,False,False,False,,B,PEDESTRIAN,,1,0,CLEAR,,NO UNUSUAL CONDITIONS - NO UNUSUAL CONDITIONS,,,A,DAYLIGHT,,,,,,,B,CROSSING IN CROSS WALK AT INTERSECTION,,A,21950A,,1,9TH ST,SOUTH,,,A,,,FOLSOM ST,,,A,7/23/2024 9:19:38 AM,1/28/2025 2:01:43 PM,,,2,,,,,,,
2528881,230383202,2,False,3801,6/3/2023 12:06:00 PM,1206,,1227,3801,San Francisco,38,True,True,G,VEHICLE/PEDESTRAIN,,Saturday,,,,,False,False,False,,B,PEDESTRIAN,,1,0,CLEAR,,NO UNUSUAL CONDITIONS - NO UNUSUAL CONDITIONS,,,A,DAYLIGHT,,,,,,,E,IN ROAD - INCLUDES SHOULDER,,A,21950A,,1,HILTON ST,TRAFF,,,A,W,49,BAYSHORE BL,F,,D,7/23/2024 9:19:36 AM,1/28/2025 2:01:41 PM,,,2,,,,,,,
2528842,230442030,2,False,3801,6/26/2023 5:43:00 PM,1743,3A14D,1227,3801,San Francisco,38,True,True,G,VEHICLE/PEDESTRAIN,,Monday,,,,,False,False,False,,B,PEDESTRIAN,,0,0,CLEAR,,NO UNUSUAL CONDITIONS - NO UNUSUAL CONDITIONS,,,A,DAYLIGHT,,,,,,,B,CROSSING IN CROSS WALK AT INTERSECTION,,D,,,,MARKET ST,CENTR,,,A,,,3RD ST,,,A,7/23/2024 9:19:33 AM,1/28/2025 2:01:39 PM,,,2,,,,,,,
2528841,230397861,2,False,3801,6/9/2023 6:20:00 PM,1820,E3,1227,3801,San Francisco,38,True,True,D,BROADSIDE,,Friday,,,F,,False,False,True,,B,PEDESTRIAN,,1,0,CLEAR,,NO UNUSUAL CONDITIONS - NO UNUSUAL CONDITIONS,,,A,DAYLIGHT,,,,,,,,,,A,22350,,1,POLK ST,NORTH,,,A,,,CEDAR ST,,,A,7/23/2024 9:19:33 AM,1/28/2025 2:01:39 PM,,,2,,,,,,,
2528793,230348507,2,False,3801,5/20/2023 12:32:00 PM,1232,4B1D,1227,3801,San Francisco,38,True,True,G,VEHICLE/PEDESTRAIN,,Saturday,,,,,False,False,False,,B,PEDESTRIAN,,1,0,CLEAR,,NO UNUSUAL CONDITIONS - NO UNUSUAL CONDITIONS,,,A,DAYLIGHT,,,,,,,B,CROSSING IN CROSS WALK AT INTERSECTION,,A,21950A,,1,WINSTON DR,TRAFF,,,A,,,BUCKINGHAM WY,,,A,7/23/2024 9:19:30 AM,1/28/2025 2:01:37 PM,,,2,,,,,,,
2528475,230354112,2,False,3801,5/22/2023 8:02:00 PM,2002,1CAR,1227,3801,San Francisco,38,True,True,H,OTHER,,Monday,,,,,False,False,False,,B,PEDESTRIAN,,1,0,CLEAR,,NO UNUSUAL CONDITIONS - NO UNUSUAL CONDITIONS,,,A,DAYLIGHT,,,,,,,B,CROSSING IN CROSS WALK AT INTERSECTION,,A,22350,,1,SUTTER ST,CENTR,,,A,,,TAYLOR ST,,,D,7/23/2024 9:19:10 AM,1/28/2025 2:01:20 PM,,,2,,,,,,,
2528473,230318873,2,False,3801,5/8/2023 8:10:00 AM,0810,3H12A,1227,3801,San Francisco,38,True,True,D,BROADSIDE,,Monday,,,M,,False,False,False,,B,PEDESTRIAN,,1,0,CLEAR,,NO UNUSUAL CONDITIONS - NO UNUSUAL CONDITIONS,,,A,DAYLIGHT,,,,,,,D,CROSSING - NOT IN CROSSWALK,,A,21954A,,1,MISSION ST,INGLE,,,A,S,80,RICHLAND AV,F,,D,7/23/2024 9:19:10 AM,1/28/2025 2:01:20 PM,,,2,,,,,,,
2528466,230368709,2,False,3801,5/28/2023 5:29:00 PM,1729,3B5D,1227,3801,San Francisco,38,True,True,H,OTHER,,Sunday,,,,,False,False,False,,B,PEDESTRIAN,,1,0,CLEAR,,NO UNUSUAL CONDITIONS - NO UNUSUAL CONDITIONS,,,A,DAYLIGHT,,,,,,,E,IN ROAD - INCLUDES SHOULDER,,A,22106,,1,BERRY ST,SOUTH,,,A,,,BERRY ST 360,,,A,7/23/2024 9:19:09 AM,1/28/2025 2:01:20 PM,,,2,,,,,,,
2528465,230324074,2,False,3801,5/10/2023 8:53:00 AM,0853,3A13A,1227,3801,San Francisco,38,True,True,A,HEAD-ON,,Wednesday,,,,,False,False,False,,B,PEDESTRIAN,,1,0,CLEAR,,NO UNUSUAL CONDITIONS - NO UNUSUAL CONDITIONS,,,A,DAYLIGHT,,,,,,,B,CROSSING IN CROSS WALK AT INTERSECTION,,A,21950A,,1,MASON,CENTR,,,A,S,6,BROADWAY ST,F,,A,7/23/2024 9:19:09 AM,1/28/2025 2:01:20 PM,,,2,,,,,,,
2528354,230378231,2,False,3801,6/1/2023 1:48:00 PM,1348,3D14A,1227,3801,San Francisco,38,True,True,D,BROADSIDE,,Thursday,,,,,False,False,False,,B,PEDESTRIAN,,1,0,CLEAR,,NO UNUSUAL CONDITIONS - NO UNUSUAL CONDITIONS,,,A,DAYLIGHT,,,,,,,B,CROSSING IN CROSS WALK AT INTERSECTION,,A,21960A,,1,13TH ST,MISSI,,,A,,,FOLSOM ST,,,A,7/23/2024 9:19:02 AM,1/28/2025 2:01:14 PM,,,2,,,,,,,
2528353,230385684,2,False,3801,6/4/2023 2:43:00 PM,1443,3J12D,1227,3801,San Francisco,38,True,True,D,BROADSIDE,,Sunday,,,F,,False,False,False,,B,PEDESTRIAN,,1,0,CLEAR,,NO UNUSUAL CONDITIONS - NO UNUSUAL CONDITIONS,,,A,DAYLIGHT,,,,,,,B,CROSSING IN CROSS WALK AT INTERSECTION,,A,21453D,,1,MARKET ST,TENDE,,,,W,1417,4TH ST,F,,A,7/23/2024 9:19:02 AM,1/28/2025 2:01:14 PM,,,2,,,,,,,
2528351,230396158,2,False,3801,6/8/2023 10:35:00 PM,2235,B4,1227,3801,San Francisco,38,True,True,D,BROADSIDE,,Thursday,,,,,False,False,False,,B,PEDESTRIAN,,2,0,CLEAR,,NO UNUSUAL CONDITIONS - NO UNUSUAL CONDITIONS,,,C,DARK-STREET LIGHTS,,,,,,,B,CROSSING IN CROSS WALK AT INTERSECTION,,D,,,,MARKET ST,SOUTH,,,A,,,SOUTH VAN NESS,,,A,7/23/2024 9:19:02 AM,1/28/2025 2:01:13 PM,,,2,,,,,,,
2546276,230529569,2,False,3801,7/28/2023 9:12:00 PM,2112,3B13E,1227,3801,San Francisco,38,True,True,G,VEHICLE/PEDESTRAIN,,Friday,,,,,False,False,False,,B,PEDESTRIAN,,1,0,,,NO UNUSUAL CONDITIONS - NO UNUSUAL CONDITIONS,,,C,DARK-STREET LIGHTS,,,,,,,B,CROSSING IN CROSS WALK AT INTERSECTION,,A,21453A,,1,MINNA ST,SOUTH,,,A,,,6TH ST,,,A,7/23/2024 9:43:06 AM,1/28/2025 2:18:20 PM,,,2,,,,,,,