Collision Id,Report Number,Report Version,Is Preliminary,NCIC Code,Crash Date Time,Crash Time Description,Beat,City Id,City Code,City Name,County Code,City Is Active,City Is Incorporated,Collision Type Code,Collision Type Description,Collision Type Other Desc,Day Of Week,DispatchNotified,HasPhotographs,HitRun,IsAttachmentsMailed,IsDeleted,IsHighwayRelated,IsTowAway,JudicialDistrict,MotorVehicleInvolvedWithCode,MotorVehicleInvolvedWithDesc,MotorVehicleInvolvedWithOtherDesc,NumberInjured,NumberKilled,Weather 1,Weather 2,Road Condition 1,Road Condition 2,Special Condition,LightingCode,LightingDescription,Latitude,Longitude,MilepostDirection,MilepostDistance,MilepostMarker,MilepostUnitOfMeasure,PedestrianActionCode,PedestrianActionDesc,PreparedDate,Primary Collision Factor Code,Primary Collision Factor Violation,PrimaryCollisionFactorIsCited,PrimaryCollisionPartyNumber,PrimaryRoad,ReportingDistrict,ReportingDistrictCode,ReviewedDate,RoadwaySurfaceCode,SecondaryDirection,SecondaryDistance,SecondaryRoad,SecondaryUnitOfMeasure,SketchDesc,TrafficControlDeviceCode,CreatedDate,ModifiedDate,IsCountyRoad,IsFreeway,CHP555Version,IsAdditonalObjectStruck,NotificationDate,NotificationTimeDescription,HasDigitalMediaFiles,EvidenceNumber,IsLocationReferToNarrative,IsAOIOneSameAsLocation
2567501,230712582,2,False,3801,10/4/2023 9:21:00 AM,0921,3D14A,1227,3801,San Francisco,38,True,True,G,VEHICLE/PEDESTRAIN,,Wednesday,,,,,False,False,False,,B,PEDESTRIAN,,2,0,CLEAR,,NO UNUSUAL CONDITIONS - NO UNUSUAL CONDITIONS,,,A,DAYLIGHT,,,,,,,B,CROSSING IN CROSS WALK AT INTERSECTION,,A,21950A,,1,CHURCH ST,MISSI,,,A,,,17TH ST,,,A,7/23/2024 10:23:26 AM,1/28/2025 3:18:49 PM,,,2,,,,,,,
2567500,230712219,2,False,3801,10/4/2023 5:33:00 AM,0533,3D14E,1227,3801,San Francisco,38,True,True,G,VEHICLE/PEDESTRAIN,,Wednesday,,,,,False,False,True,,B,PEDESTRIAN,,2,0,CLEAR,,,,,C,DARK-STREET LIGHTS,,,,,,,F,NOT IN ROAD,,A,21658A,,1,MISSION ST,MISSI,,,A,,,18TH ST,,,A,7/23/2024 10:23:25 AM,1/28/2025 3:18:49 PM,,,2,,,,,,,
2567496,230720278,2,False,3801,10/7/2023 9:00:00 AM,0900,3E16A,1227,3801,San Francisco,38,True,True,G,VEHICLE/PEDESTRAIN,,Saturday,,,F,,False,False,False,,B,PEDESTRIAN,,1,0,CLEAR,,NO UNUSUAL CONDITIONS - NO UNUSUAL CONDITIONS,,,A,DAYLIGHT,,,,,,,E,IN ROAD - INCLUDES SHOULDER,,A,22106,,1,PINE ST,NORTH,,,A,E,205,VAN NESS AV,F,,D,7/23/2024 10:23:25 AM,1/28/2025 3:18:49 PM,,,2,,,,,,,
2567492,23719287,2,False,3801,10/6/2023 7:05:00 PM,1905,3A15D,1227,3801,San Francisco,38,True,True,G,VEHICLE/PEDESTRAIN,,Friday,,,,,False,False,False,,B,PEDESTRIAN,,1,0,CLEAR,,NO UNUSUAL CONDITIONS - NO UNUSUAL CONDITIONS,,,C,DARK-STREET LIGHTS,,,,,,,B,CROSSING IN CROSS WALK AT INTERSECTION,,A,21950A,,1,CALIFORNIA,CENTR,,,A,,,FRONT ST,,,A,7/23/2024 10:23:24 AM,1/28/2025 3:18:49 PM,,,2,,,,,,,
2567491,230712429,2,False,3801,10/4/2023 8:00:00 AM,0800,3H13A,1227,3801,San Francisco,38,True,True,G,VEHICLE/PEDESTRAIN,,Wednesday,,,,,False,False,False,,B,PEDESTRIAN,,1,0,CLEAR,,NO UNUSUAL CONDITIONS - NO UNUSUAL CONDITIONS,,,A,DAYLIGHT,,,,,,,B,CROSSING IN CROSS WALK AT INTERSECTION,,A,21950A,,1,NAPLES ST,INGLE,,,,,,ROLPH ST,,,A,7/23/2024 10:23:24 AM,1/28/2025 3:18:49 PM,,,2,,,,,,,
2567488,230712225,2,False,3801,10/4/2023 5:50:00 AM,0550,3F13A,1227,3801,San Francisco,38,True,True,G,VEHICLE/PEDESTRAIN,,Wednesday,,,F,,False,False,False,,B,PEDESTRIAN,,1,0,CLEAR,,NO UNUSUAL CONDITIONS - NO UNUSUAL CONDITIONS,,,D,DARK-NO STREET LIGHTS,,,,,,,B,CROSSING IN CROSS WALK AT INTERSECTION,,A,22450A,,1,O'FARRELL,PARK,,,A,,,SAINT JOSEPHS AV,,,A,7/23/2024 10:23:23 AM,1/28/2025 3:18:49 PM,,,2,,,,,,,
2567487,230713308,2,False,3801,10/4/2023 1:10:00 PM,1310,,1227,3801,San Francisco,38,True,True,G,VEHICLE/PEDESTRAIN,,Wednesday,,,,,False,False,True,,B,PEDESTRIAN,,1,0,CLEAR,,NO UNUSUAL CONDITIONS - NO UNUSUAL CONDITIONS,,,A,DAYLIGHT,,,,,,,F,NOT IN ROAD,,A,22350,,1,BROADWAY,CENTR,,,A,,,MONTGOMERY,,,A,7/23/2024 10:23:23 AM,1/28/2025 3:18:49 PM,,,2,,,,,,,
2567486,230711443,2,False,3801,10/3/2023 6:10:00 PM,1810,I5,1227,3801,San Francisco,38,True,True,G,VEHICLE/PEDESTRAIN,,Tuesday,,,,,False,False,False,,B,PEDESTRIAN,,1,0,CLEAR,,NO UNUSUAL CONDITIONS - NO UNUSUAL CONDITIONS,,,A,DAYLIGHT,,,,,,,D,CROSSING - NOT IN CROSSWALK,,A,21955A,,1,19TH AV,TARAV,,,A,,,HOLLOWAY AV,,,A,7/23/2024 10:23:23 AM,1/28/2025 3:18:49 PM,,,2,,,,,,,
2567469,230732803,2,False,3801,10/12/2023 10:00:00 AM,1000,3C11A,1227,3801,San Francisco,38,True,True,G,VEHICLE/PEDESTRAIN,,Thursday,,,,,False,False,False,,B,PEDESTRIAN,,2,0,CLEAR,,NO UNUSUAL CONDITIONS - NO UNUSUAL CONDITIONS,,,A,DAYLIGHT,,,,,,,E,IN ROAD - INCLUDES SHOULDER,,A,22107,,1,CESAR CHAVEZ ST,BAY,,,A,E,15,INDIANA ST,F,,,7/23/2024 10:23:21 AM,1/28/2025 3:18:49 PM,,,2,,,,,,,
2567463,230736388,2,False,3801,10/13/2023 5:08:00 PM,1708,3C13D,1227,3801,San Francisco,38,True,True,G,VEHICLE/PEDESTRAIN,,Friday,,,,,False,False,False,,B,PEDESTRIAN,,1,0,CLEAR,,NO UNUSUAL CONDITIONS - NO UNUSUAL CONDITIONS,,,A,DAYLIGHT,,,,,,,D,CROSSING - NOT IN CROSSWALK,,A,21950B,,1,MENDELL ST,BAYVI,,,A,,,GALVEZ AV,,,D,7/23/2024 10:23:20 AM,1/28/2025 3:18:48 PM,,,2,,,,,,,
2567462,230737182,2,False,3801,10/13/2023 11:48:00 PM,2348,3A14E,1227,3801,San Francisco,38,True,True,G,VEHICLE/PEDESTRAIN,,Friday,,,,,False,False,False,,B,PEDESTRIAN,,1,0,CLEAR,,NO UNUSUAL CONDITIONS - NO UNUSUAL CONDITIONS,,,C,DARK-STREET LIGHTS,,,,,,,B,CROSSING IN CROSS WALK AT INTERSECTION,,A,22350,,1,HYDE ST,CENTR,,,A,,,CALIFORNIA AV,,,A,7/23/2024 10:23:20 AM,1/28/2025 3:18:48 PM,,,2,,,,,,,
2567460,230720604,2,False,3801,10/7/2023 12:26:00 PM,1226,A2,1227,3801,San Francisco,38,True,True,G,VEHICLE/PEDESTRAIN,,Saturday,,,,,False,False,False,,B,PEDESTRIAN,,1,0,CLEAR,,NO UNUSUAL CONDITIONS - NO UNUSUAL CONDITIONS,,,A,DAYLIGHT,,,,,,,B,CROSSING IN CROSS WALK AT INTERSECTION,,D,,,,POWELL ST,CENTR,,,A,,,CLAY ST,,,A,7/23/2024 10:23:20 AM,1/28/2025 3:18:48 PM,,,2,,,,,,,
2567457,230732580,2,False,3801,10/12/2023 8:34:00 AM,0834,3B14A,1227,3801,San Francisco,38,True,True,G,VEHICLE/PEDESTRAIN,,Thursday,,,,,False,False,False,,B,PEDESTRIAN,,1,0,CLEAR,,NO UNUSUAL CONDITIONS - NO UNUSUAL CONDITIONS,,,A,DAYLIGHT,,,,,,,C,CROSSING IN CROSS WALK - NOT AT INTERSECTION,,A,21950A,,1,DORE ST,SOUTH,,,A,,,FOLSOM ST,,,D,7/23/2024 10:23:19 AM,1/28/2025 3:18:48 PM,,,2,,,,,,,
2567453,230728169,2,False,3801,10/10/2023 3:25:00 PM,1525,J2,1227,3801,San Francisco,38,True,True,G,VEHICLE/PEDESTRAIN,,Tuesday,,,,,False,False,False,,B,PEDESTRIAN,,1,0,CLEAR,,CONSTRUCTION-REPAIR ZONE - CONSTRUCTION-REPAIR ZONE,,,A,DAYLIGHT,,,,,,,D,CROSSING - NOT IN CROSSWALK,,A,21954A,,1,6TH ST,TENDE,,,A,,,MARKET ST,,,A,7/23/2024 10:23:19 AM,1/28/2025 3:18:48 PM,,,2,,,,,,,
2567446,230740828,2,False,3801,10/15/2023 5:33:00 PM,1733,3A14D,1227,3801,San Francisco,38,True,True,G,VEHICLE/PEDESTRAIN,,Sunday,,,,,False,False,False,,B,PEDESTRIAN,,1,0,CLEAR,,NO UNUSUAL CONDITIONS - NO UNUSUAL CONDITIONS,,,A,DAYLIGHT,,,,,,,F,NOT IN ROAD,,A,22106,,1,TELEGRAPH HILL,CENTR,,,A,,,KEARNY,,,D,7/23/2024 10:23:18 AM,1/28/2025 3:18:48 PM,,,2,,,,,,,
2567443,230743446,2,False,3801,10/16/2023 5:39:00 PM,1739,3E15D,1227,3801,San Francisco,38,True,True,G,VEHICLE/PEDESTRAIN,,Monday,,,,,False,False,False,,B,PEDESTRIAN,,1,0,CLEAR,,NO UNUSUAL CONDITIONS - NO UNUSUAL CONDITIONS,,,A,DAYLIGHT,,,,,,,B,CROSSING IN CROSS WALK AT INTERSECTION,,A,21950A,,1,FILBERT ST,NORTH,,,A,,,WEBSTER ST,,,D,7/23/2024 10:23:17 AM,1/28/2025 3:18:48 PM,,,2,,,,,,,
2567429,230729929,2,False,3801,10/11/2023 9:00:00 AM,0900,3G14A,1227,3801,San Francisco,38,True,True,G,VEHICLE/PEDESTRAIN,,Wednesday,,,,,False,False,False,,B,PEDESTRIAN,,1,0,CLEAR,,NO UNUSUAL CONDITIONS - NO UNUSUAL CONDITIONS,,,A,DAYLIGHT,,,,,,,B,CROSSING IN CROSS WALK AT INTERSECTION,,A,21950,,1,GEARY BL,RICHM,,,A,,,26TH AV,,,A,7/23/2024 10:23:15 AM,1/28/2025 3:18:48 PM,,,2,,,,,,,
2567424,230743612,2,False,3801,10/16/2023 6:30:00 PM,1830,,1227,3801,San Francisco,38,True,True,G,VEHICLE/PEDESTRAIN,,Monday,,,,,False,False,False,,B,PEDESTRIAN,,1,0,CLEAR,,NO UNUSUAL CONDITIONS - NO UNUSUAL CONDITIONS,,,C,DARK-STREET LIGHTS,,,,,,,B,CROSSING IN CROSS WALK AT INTERSECTION,,A,21950,,1,HAYES ST,NORTH,,,A,,,STEINER ST,,,A,7/23/2024 10:23:14 AM,1/28/2025 3:18:48 PM,,,2,,,,,,,
2567423,230745141,2,False,3801,10/17/2023 12:55:00 PM,1255,3D3C,1227,3801,San Francisco,38,True,True,G,VEHICLE/PEDESTRAIN,,Tuesday,,,,,False,False,False,,B,PEDESTRIAN,,1,0,CLEAR,,NO UNUSUAL CONDITIONS - NO UNUSUAL CONDITIONS,,,A,DAYLIGHT,37.761100,-122.430940,,,,,D,CROSSING - NOT IN CROSSWALK,,A,22106,,1,18TH ST,MISSI,,,A,,,SANCHEZ ST,,,D,7/23/2024 10:23:14 AM,1/28/2025 3:18:48 PM,,,2,,,,,,,
2567421,230748985,2,False,3801,10/18/2023 9:00:00 PM,2100,3C12E,1227,3801,San Francisco,38,True,True,G,VEHICLE/PEDESTRAIN,,Wednesday,,,F,,False,False,False,,B,PEDESTRIAN,,1,0,CLEAR,,NO UNUSUAL CONDITIONS - NO UNUSUAL CONDITIONS,,,C,DARK-STREET LIGHTS,,,,,,,B,CROSSING IN CROSS WALK AT INTERSECTION,,A,21950A,,1,OAKDALE AV,BAYVI,,,A,,,QUINT ST,,,A,7/23/2024 10:23:14 AM,1/28/2025 3:18:48 PM,,,2,,,,,,,
2567412,230721709,2,False,3801,10/7/2023 9:57:00 PM,2157,3H15E,1227,3801,San Francisco,38,True,True,C,REAR END,,Saturday,,,,,False,False,True,,C,OTHER MOTOR VEHICLE,,1,0,CLEAR,,NO UNUSUAL CONDITIONS - NO UNUSUAL CONDITIONS,,,C,DARK-STREET LIGHTS,,,,,,,D,CROSSING - NOT IN CROSSWALK,,A,21954A,,1,MISSION ST,INGLE,,,A,N,65,ALLISON,F,,A,7/23/2024 10:23:13 AM,1/28/2025 3:18:48 PM,,,2,,,,,,,
2567411,230722092,2,False,3801,10/8/2023 2:06:00 AM,0206,3J13E,1227,3801,San Francisco,38,True,True,B,SIDE SWIPE,,Sunday,,,,,False,False,False,,B,PEDESTRIAN,,1,0,CLEAR,,NO UNUSUAL CONDITIONS - NO UNUSUAL CONDITIONS,,,C,DARK-STREET LIGHTS,,,,,,,E,IN ROAD - INCLUDES SHOULDER,,A,22350,,1,HYDE ST,TENDE,,,A,,,GOLDEN GATE AV,,,A,7/23/2024 10:23:12 AM,1/28/2025 3:18:48 PM,,,2,,,,,,,
2567403,230721107,2,False,3801,10/7/2023 5:05:00 PM,1705,5CAR,1227,3801,San Francisco,38,True,True,G,VEHICLE/PEDESTRAIN,,Saturday,,,,,False,False,False,,B,PEDESTRIAN,,1,0,CLEAR,,NO UNUSUAL CONDITIONS - NO UNUSUAL CONDITIONS,,,A,DAYLIGHT,,,,,,,B,CROSSING IN CROSS WALK AT INTERSECTION,,A,21950A,,1,RICHARDSON AV,NORTH,,,A,,,FRANCISCO ST,,,A,7/23/2024 10:23:11 AM,1/28/2025 3:18:47 PM,,,2,,,,,,,
2567402,230749234,2,False,3801,10/18/2023 11:14:00 PM,2314,3J15E,1227,3801,San Francisco,38,True,True,G,VEHICLE/PEDESTRAIN,,Wednesday,,,,,False,False,False,,B,PEDESTRIAN,,1,0,CLEAR,,NO UNUSUAL CONDITIONS - NO UNUSUAL CONDITIONS,,,C,DARK-STREET LIGHTS,,,,,,,B,CROSSING IN CROSS WALK AT INTERSECTION,,A,21950,,1,ELLIS ST,TENDE,,,A,,,LARKIN,,,A,7/23/2024 10:23:11 AM,1/28/2025 3:18:47 PM,,,2,,,,,,,
2567391,230748424,2,False,3801,10/18/2023 5:21:00 PM,1721,3H13D,1227,3801,San Francisco,38,True,True,G,VEHICLE/PEDESTRAIN,,Wednesday,,,,,False,False,False,,B,PEDESTRIAN,,1,0,CLEAR,,NO UNUSUAL CONDITIONS - NO UNUSUAL CONDITIONS,,,A,DAYLIGHT,,,,,,,B,CROSSING IN CROSS WALK AT INTERSECTION,,A,21950A,,1,MISSION ST,INGLE,,,A,,,TRUMBULL ST,,,A,7/23/2024 10:23:10 AM,1/28/2025 3:18:47 PM,,,2,,,,,,,
2562049,230693700,2,False,3800,9/26/2023 9:55:00 PM,2155,1V21C,1227,3801,San Francisco,38,True,True,G,VEHICLE/PEDESTRAIN,,Tuesday,,,,,False,False,False,,B,PEDESTRIAN,,1,0,CLEAR,,NO UNUSUAL CONDITIONS - NO UNUSUAL CONDITIONS,,,C,DARK-STREET LIGHTS,,,,,,,B,CROSSING IN CROSS WALK AT INTERSECTION,,A,21950A,,1,6TH AV,RICHM,,,A,,,CLEMENT ST,,,A,7/23/2024 10:11:52 AM,1/28/2025 2:34:39 PM,,,2,,,,,,,
2560729,230623490,2,False,3801,8/31/2023 7:53:00 PM,1953,3E15D,1227,3801,San Francisco,38,True,True,D,BROADSIDE,,Thursday,,,,,False,False,False,,B,PEDESTRIAN,,1,0,CLEAR,,NO UNUSUAL CONDITIONS - NO UNUSUAL CONDITIONS,,,B,DUSK-DAWN,,,,,,,B,CROSSING IN CROSS WALK AT INTERSECTION,,A,21950A,,1,PINE ST,NORTH,,,A,,,WEBSTER ST,,,A,7/23/2024 10:09:14 AM,1/28/2025 2:33:15 PM,,,2,,,,,,,
2560727,230615776,2,False,3801,8/29/2023 8:20:00 AM,0820,3G14A,1227,3801,San Francisco,38,True,True,G,VEHICLE/PEDESTRAIN,,Tuesday,,,,,False,False,False,,B,PEDESTRIAN,,1,0,CLEAR,,NO UNUSUAL CONDITIONS - NO UNUSUAL CONDITIONS,,,A,DAYLIGHT,,,,,,,B,CROSSING IN CROSS WALK AT INTERSECTION,,A,21950A,,1,CALIFORNIA ST,RICHM,,,A,,,20TH ST,,,A,7/23/2024 10:09:14 AM,1/28/2025 2:33:15 PM,,,2,,,,,,,
2560726,230622470,2,False,3801,8/30/2023 2:05:00 PM,1405,3E15C,1227,3801,San Francisco,38,True,True,G,VEHICLE/PEDESTRAIN,,Wednesday,,,,,False,False,False,,B,PEDESTRIAN,,1,0,CLEAR,,NO UNUSUAL CONDITIONS - NO UNUSUAL CONDITIONS,,,A,DAYLIGHT,,,,,,,B,CROSSING IN CROSS WALK AT INTERSECTION,,A,21950A,,1,SUTTER ST,NORTH,,,A,,,GOUGH ST,,,A,7/23/2024 10:09:13 AM,1/28/2025 2:33:15 PM,,,2,,,,,,,
2560722,230619126,2,False,3801,8/30/2023 10:29:00 AM,1029,3G11A,1227,3801,San Francisco,38,True,True,B,SIDE SWIPE,,Wednesday,,,,,False,False,False,,B,PEDESTRIAN,,1,0,CLEAR,,NO UNUSUAL CONDITIONS - NO UNUSUAL CONDITIONS,,,A,DAYLIGHT,,,,,,,B,CROSSING IN CROSS WALK AT INTERSECTION,,A,21950,,1,JACKSON ST,RICHM,,,,,,PRESIDIO AV,,,D,7/23/2024 10:09:13 AM,1/28/2025 2:33:15 PM,,,2,,,,,,,
2560719,230619461,2,False,3801,3/8/2023 12:16:00 PM,1216,3E13C,1227,3801,San Francisco,38,True,True,G,VEHICLE/PEDESTRAIN,,Wednesday,,,,,False,False,False,,B,PEDESTRIAN,,1,0,CLEAR,,NO UNUSUAL CONDITIONS - NO UNUSUAL CONDITIONS,,,A,DAYLIGHT,,,,,,,F,NOT IN ROAD,,A,21952,,1,TURK ST,NORTH,,,A,W,150,VAN NESS AV,F,,D,7/23/2024 10:09:12 AM,1/28/2025 2:33:15 PM,,,2,,,,,,,
2560717,230617562,2,False,3801,8/29/2023 5:02:00 PM,1702,3E14D,1227,3801,San Francisco,38,True,True,G,VEHICLE/PEDESTRAIN,,Tuesday,,,F,,False,False,False,,B,PEDESTRIAN,,1,0,CLEAR,,NO UNUSUAL CONDITIONS - NO UNUSUAL CONDITIONS,,,A,DAYLIGHT,,,,,,,B,CROSSING IN CROSS WALK AT INTERSECTION,,A,21950A,,1,HAYES ST,NORTH,,,A,,,OCTAVIA ST,,,A,7/23/2024 10:09:12 AM,1/28/2025 2:33:14 PM,,,2,,,,,,,
2560716,230617794,2,False,3801,8/29/2023 4:40:00 PM,1640,3E13D,1227,3801,San Francisco,38,True,True,G,VEHICLE/PEDESTRAIN,,Tuesday,,,F,,False,False,False,,B,PEDESTRIAN,,1,0,CLEAR,,NO UNUSUAL CONDITIONS - NO UNUSUAL CONDITIONS,,,A,DAYLIGHT,,,,,,,E,IN ROAD - INCLUDES SHOULDER,,A,22107,,1,MYRTLE ST,NORTH,,,A,E,10,FRANKLIN ST,F,,D,7/23/2024 10:09:12 AM,1/28/2025 2:33:14 PM,,,2,,,,,,,
2560711,230604412,2,False,3801,8/24/2023 5:08:00 PM,1708,4,1227,3801,San Francisco,38,True,True,G,VEHICLE/PEDESTRAIN,,Thursday,,,,,False,False,False,,B,PEDESTRIAN,,1,0,CLEAR,,NO UNUSUAL CONDITIONS - NO UNUSUAL CONDITIONS,,,A,DAYLIGHT,,,,,,,B,CROSSING IN CROSS WALK AT INTERSECTION,,A,22450A,,1,24TH ST,MISSI,,,A,E,3,TREAT AV,F,,D,7/23/2024 10:09:11 AM,1/28/2025 2:33:14 PM,,,2,,,,,,,
2560710,230616382,2,False,3801,8/29/2023 11:26:00 AM,1126,3B3A,1227,3801,San Francisco,38,True,True,G,VEHICLE/PEDESTRAIN,,Tuesday,,,,,False,False,False,,B,PEDESTRIAN,,1,0,CLEAR,,NO UNUSUAL CONDITIONS - NO UNUSUAL CONDITIONS,,,A,DAYLIGHT,,,,,,,B,CROSSING IN CROSS WALK AT INTERSECTION,,A,21950A,,1,HARRISON ST,SOUTH,,,A,,,10TH ST,,,A,7/23/2024 10:09:11 AM,1/28/2025 2:33:14 PM,,,2,,,,,,,
2560675,230687979,2,False,3801,9/24/2023 10:44:00 PM,2244,3J14E,1227,3801,San Francisco,38,True,True,G,VEHICLE/PEDESTRAIN,,Sunday,,,,,False,False,False,,B,PEDESTRIAN,,1,0,CLEAR,,NO UNUSUAL CONDITIONS - NO UNUSUAL CONDITIONS,,,C,DARK-STREET LIGHTS,,,,,,,B,CROSSING IN CROSS WALK AT INTERSECTION,,A,214615,,1,GOLDEN GATE AV,TENDE,,,A,,,LEAVENWORTH ST,,,A,7/23/2024 10:09:06 AM,1/28/2025 2:33:11 PM,,,2,,,,,,,
2560671,230690502,2,False,3801,9/25/2023 6:15:00 PM,1815,3AID,1227,3801,San Francisco,38,True,True,G,VEHICLE/PEDESTRAIN,,Monday,,,,,False,False,False,,C,OTHER MOTOR VEHICLE,,1,0,CLEAR,,NO UNUSUAL CONDITIONS - NO UNUSUAL CONDITIONS,,,A,DAYLIGHT,,,,,,,D,CROSSING - NOT IN CROSSWALK,,A,21954A,,1,GEARY ST,CENTR,,,A,,,SHANNON ST,,,D,7/23/2024 10:09:06 AM,1/28/2025 2:33:11 PM,,,2,,,,,,,
2560669,230685440,2,False,3801,9/23/2023 7:40:00 PM,1940,3B14D,1227,3801,San Francisco,38,True,True,H,OTHER,,Saturday,,,F,,False,False,False,,B,PEDESTRIAN,,1,0,CLEAR,,NO UNUSUAL CONDITIONS - NO UNUSUAL CONDITIONS,,,C,DARK-STREET LIGHTS,,,,,,,E,IN ROAD - INCLUDES SHOULDER,,A,22350,,1,10TH ST,SOUTH,,,A,S,68,FOLSOM ST,F,,A,7/23/2024 10:09:06 AM,1/28/2025 2:33:11 PM,,,2,,,,,,,
2560614,230671499,2,False,3801,9/18/2023 8:04:00 PM,2004,3C90C,1227,3801,San Francisco,38,True,True,G,VEHICLE/PEDESTRAIN,,Monday,,,F,,False,False,False,,B,PEDESTRIAN,,1,0,CLEAR,,NO UNUSUAL CONDITIONS - NO UNUSUAL CONDITIONS,,,C,DARK-STREET LIGHTS,,,,,,,B,CROSSING IN CROSS WALK AT INTERSECTION,,A,22450A,,1,OAKDALE AV,BAYVI,,,A,,,KEITH ST,,,A,7/23/2024 10:08:58 AM,1/28/2025 2:33:08 PM,,,2,,,,,,,
2560613,230680569,2,False,3801,9/22/2023 11:44:00 PM,2344,3H11E,1227,3801,San Francisco,38,True,True,G,VEHICLE/PEDESTRAIN,,Friday,,,F,,False,False,False,,B,PEDESTRIAN,,1,0,CLEAR,,NO UNUSUAL CONDITIONS - NO UNUSUAL CONDITIONS,,,C,DARK-STREET LIGHTS,,,,,,,E,IN ROAD - INCLUDES SHOULDER,,D,,,,MISSION ST,INGLE,,,A,,,COURTLAND AV,,,A,7/23/2024 10:08:58 AM,1/28/2025 2:33:07 PM,,,2,,,,,,,
2560608,230690029,2,False,3801,9/25/2023 2:00:00 PM,1400,3H16D,1227,3801,San Francisco,38,True,True,G,VEHICLE/PEDESTRAIN,,Monday,,,,,False,False,False,,B,PEDESTRIAN,,1,0,CLEAR,,NO UNUSUAL CONDITIONS - NO UNUSUAL CONDITIONS,,,A,DAYLIGHT,,,,,,,E,IN ROAD - INCLUDES SHOULDER,,A,22108,,1,GIRARD ST,INGLE,,,A,,,GIRARD ST 948,,,D,7/23/2024 10:08:57 AM,1/28/2025 2:33:07 PM,,,2,,,,,,,
2560599,230626369,2,False,3801,9/1/2023 9:39:00 PM,2139,3E12E,1227,3801,San Francisco,38,True,True,G,VEHICLE/PEDESTRAIN,,Friday,,,,,False,False,False,,B,PEDESTRIAN,,1,0,CLEAR,,NO UNUSUAL CONDITIONS - NO UNUSUAL CONDITIONS,,,C,DARK-STREET LIGHTS,,,,,,,B,CROSSING IN CROSS WALK AT INTERSECTION,,A,21950A,,1,OAK ST,NORTH,,,A,,,DIVISADERO ST,,,A,7/23/2024 10:08:56 AM,1/28/2025 2:33:06 PM,,,2,,,,,,,
2560589,230638803,2,False,3801,9/6/2023 8:02:00 PM,2002,1,1227,3801,San Francisco,38,True,True,G,VEHICLE/PEDESTRAIN,,Wednesday,,,,,False,False,False,,B,PEDESTRIAN,,2,0,CLEAR,,NO UNUSUAL CONDITIONS - NO UNUSUAL CONDITIONS,,,C,DARK-STREET LIGHTS,,,,,,,F,NOT IN ROAD,,A,21235G,,1,DOLORES ST,MISSI,,,A,,,18TH ST,,,D,7/23/2024 10:08:55 AM,1/28/2025 2:33:06 PM,,,2,,,,,,,
2560586,230637673,2,False,3801,9/6/2023 11:47:00 AM,1147,3F13C,1227,3801,San Francisco,38,True,True,G,VEHICLE/PEDESTRAIN,,Wednesday,,,,,False,False,False,,B,PEDESTRIAN,,1,0,CLEAR,,NO UNUSUAL CONDITIONS - NO UNUSUAL CONDITIONS,,,A,DAYLIGHT,,,,,,,B,CROSSING IN CROSS WALK AT INTERSECTION,,A,21950A,,1,OAK ST,PARK,,,A,,,BAKER ST,,,A,7/23/2024 10:08:54 AM,1/28/2025 2:33:05 PM,,,2,,,,,,,
2560575,230639306,2,False,3801,9/6/2023 10:46:00 PM,2246,3C12E,1227,3801,San Francisco,38,True,True,G,VEHICLE/PEDESTRAIN,,Wednesday,,,F,,False,False,False,,B,PEDESTRIAN,,1,0,CLEAR,,NO UNUSUAL CONDITIONS - NO UNUSUAL CONDITIONS,,,C,DARK-STREET LIGHTS,,,,,,,D,CROSSING - NOT IN CROSSWALK,,C,,,,BAYSHORE BL,BAYVI,,,A,,,FLOWER ST,,,A,7/23/2024 10:08:53 AM,1/28/2025 2:33:05 PM,,,2,,,,,,,
2560560,230642597,2,False,3801,9/8/2023 6:08:00 AM,0608,3,1227,3801,San Francisco,38,True,True,A,HEAD-ON,,Friday,,,,,False,False,False,,B,PEDESTRIAN,,1,0,,,OTHER* - OTHER*,,,C,DARK-STREET LIGHTS,,,,,,,E,IN ROAD - INCLUDES SHOULDER,,A,21456B,,1,GROVE ST,NORTH,,,A,,,POLK ST,,,A,7/23/2024 10:08:51 AM,1/28/2025 2:33:04 PM,,,2,,,,,,,
2560559,230683949,2,False,3801,9/23/2023 5:35:00 AM,0535,3E12E,1227,3801,San Francisco,38,True,True,G,VEHICLE/PEDESTRAIN,,Saturday,,,F,,False,False,False,,B,PEDESTRIAN,,1,0,CLEAR,,NO UNUSUAL CONDITIONS - NO UNUSUAL CONDITIONS,,,C,DARK-STREET LIGHTS,,,,,,,D,CROSSING - NOT IN CROSSWALK,,A,22350,,1,HAYES ST,NORTH,,,A,W,51,POLK ST,F,,D,7/23/2024 10:08:51 AM,1/28/2025 2:33:03 PM,,,2,,,,,,,