Collision Id,Report Number,Report Version,Is Preliminary,NCIC Code,Crash Date Time,Crash Time Description,Beat,City Id,City Code,City Name,County Code,City Is Active,City Is Incorporated,Collision Type Code,Collision Type Description,Collision Type Other Desc,Day Of Week,DispatchNotified,HasPhotographs,HitRun,IsAttachmentsMailed,IsDeleted,IsHighwayRelated,IsTowAway,JudicialDistrict,MotorVehicleInvolvedWithCode,MotorVehicleInvolvedWithDesc,MotorVehicleInvolvedWithOtherDesc,NumberInjured,NumberKilled,Weather 1,Weather 2,Road Condition 1,Road Condition 2,Special Condition,LightingCode,LightingDescription,Latitude,Longitude,MilepostDirection,MilepostDistance,MilepostMarker,MilepostUnitOfMeasure,PedestrianActionCode,PedestrianActionDesc,PreparedDate,Primary Collision Factor Code,Primary Collision Factor Violation,PrimaryCollisionFactorIsCited,PrimaryCollisionPartyNumber,PrimaryRoad,ReportingDistrict,ReportingDistrictCode,ReviewedDate,RoadwaySurfaceCode,SecondaryDirection,SecondaryDistance,SecondaryRoad,SecondaryUnitOfMeasure,SketchDesc,TrafficControlDeviceCode,CreatedDate,ModifiedDate,IsCountyRoad,IsFreeway,CHP555Version,IsAdditonalObjectStruck,NotificationDate,NotificationTimeDescription,HasDigitalMediaFiles,EvidenceNumber,IsLocationReferToNarrative,IsAOIOneSameAsLocation
2574642,230776312,2,False,3801,10/30/2023 4:11:00 PM,1611,3H13D,1227,3801,San Francisco,38,True,True,G,VEHICLE/PEDESTRAIN,,Monday,,,,,False,False,False,,B,PEDESTRIAN,,1,0,CLEAR,,,,,A,DAYLIGHT,,,,,,,B,CROSSING IN CROSS WALK AT INTERSECTION,,A,21950A,,1,SAN JOSE AV,INGLE,,,A,,,SANTA ROSA AV,,,A,7/23/2024 2:16:22 PM,1/28/2025 3:21:21 PM,,,2,,,,,,,
2574640,230781474,2,False,3801,10/29/2023 2:08:00 PM,1408,3H12D,1227,3801,San Francisco,38,True,True,B,SIDE SWIPE,,Sunday,,,,,False,False,False,,B,PEDESTRIAN,,1,0,CLEAR,,NO UNUSUAL CONDITIONS - NO UNUSUAL CONDITIONS,,,A,DAYLIGHT,,,,,,,B,CROSSING IN CROSS WALK AT INTERSECTION,,A,21950,,1,ELIZABETH ST,INGLE,,,A,,,DIAMOND ST,,,D,7/23/2024 2:16:22 PM,1/28/2025 3:21:21 PM,,,2,,,,,,,
2574637,230734558,2,False,3801,10/12/2023 10:30:00 PM,2230,4B3C,1227,3801,San Francisco,38,True,True,G,VEHICLE/PEDESTRAIN,,Thursday,,,,,False,False,False,,B,PEDESTRIAN,,1,0,CLEAR,,NO UNUSUAL CONDITIONS - NO UNUSUAL CONDITIONS,,,C,DARK-STREET LIGHTS,,,,,,,E,IN ROAD - INCLUDES SHOULDER,,A,21954A,,1,GROVE ST,TRAFF,,,A,W,78,LARKIN ST,F,,D,7/23/2024 2:16:22 PM,1/28/2025 3:21:21 PM,,,2,,,,,,,
2573836,230771362,2,False,3801,10/28/2023 10:53:00 AM,1053,4B2F,1227,3801,San Francisco,38,True,True,D,BROADSIDE,,Saturday,,,,,False,False,True,,C,OTHER MOTOR VEHICLE,,1,1,CLEAR,,NO UNUSUAL CONDITIONS - NO UNUSUAL CONDITIONS,,,A,DAYLIGHT,,,,,,,B,CROSSING IN CROSS WALK AT INTERSECTION,,A,23152F,,1,POST ST,TRAFF,,,A,,,HYDE ST,,,A,7/23/2024 2:15:52 PM,1/28/2025 3:21:02 PM,,,2,,,,,,,
2573727,230868351,2,False,3801,12/11/2023 2:50:00 PM,1450,4B4F,1227,3801,San Francisco,38,True,True,G,VEHICLE/PEDESTRAIN,,Monday,,,,,False,False,True,,B,PEDESTRIAN,,1,1,CLEAR,,NO UNUSUAL CONDITIONS - NO UNUSUAL CONDITIONS,,,A,DAYLIGHT,,,,,,,F,NOT IN ROAD,,A,22106,,1,13TH ST,TRAFF,,,A,W,89,TRAINOR ST,F,,D,7/23/2024 2:15:47 PM,1/28/2025 3:20:59 PM,,,2,,,,,,,
2573280,230744701,2,False,3800,10/11/2023 5:30:00 PM,1730,,1227,3801,San Francisco,38,True,True,,,,Wednesday,,,,,False,False,False,,,,,1,0,,,,,,,,,,,,,,F,NOT IN ROAD,,A,21235I,,1,4TH ST,SOUTH,,,,,,BERRY ST,,,,7/23/2024 2:15:30 PM,1/28/2025 3:20:48 PM,,,3,,,,,,,
2572196,230790425,2,False,3801,11/5/2023 4:41:00 PM,1641,4B3G,1227,3801,San Francisco,38,True,True,G,VEHICLE/PEDESTRAIN,,Sunday,,,,,False,False,False,,B,PEDESTRIAN,,1,0,CLOUDY,,NO UNUSUAL CONDITIONS - NO UNUSUAL CONDITIONS,,,B,DUSK-DAWN,,,,,,,E,IN ROAD - INCLUDES SHOULDER,,A,21954A,,1,EDDY ST,,,,A,W,25,HYDE ST,F,,D,7/23/2024 2:14:48 PM,1/28/2025 3:20:22 PM,,,2,,,,,,,
2572190,230860818,2,False,3801,12/8/2023 2:49:00 AM,0249,3B4E,1227,3801,San Francisco,38,True,True,H,OTHER,,Friday,,,,,False,False,False,,B,PEDESTRIAN,,3,0,CLEAR,,NO UNUSUAL CONDITIONS - NO UNUSUAL CONDITIONS,,,C,DARK-STREET LIGHTS,,,,,,,F,NOT IN ROAD,,A,22515A,,1,LEAVENWORTH ST,SOUTH,,,A,,,MCALLISTER ST,,,D,7/23/2024 2:14:47 PM,1/28/2025 3:20:22 PM,,,2,,,,,,,
2572178,230875851,2,False,3801,12/14/2023 2:03:00 PM,1403,3A91E,1227,3801,San Francisco,38,True,True,G,VEHICLE/PEDESTRAIN,,Thursday,,,,,False,False,False,,B,PEDESTRIAN,,1,0,CLEAR,,NO UNUSUAL CONDITIONS - NO UNUSUAL CONDITIONS,,,A,DAYLIGHT,,,,,,,D,CROSSING - NOT IN CROSSWALK,,A,21950B,,1,POWELL ST,,,,A,,,OFARRELL ST,,,A,7/23/2024 2:14:47 PM,1/28/2025 3:20:22 PM,,,2,,,,,,,
2571135,230821280,2,False,3801,11/20/2023 8:40:00 AM,0840,3I3A,1227,3801,San Francisco,38,True,True,G,VEHICLE/PEDESTRAIN,,Monday,,,F,,False,False,False,,B,PEDESTRIAN,,1,0,CLEAR,,NO UNUSUAL CONDITIONS - NO UNUSUAL CONDITIONS,,,A,DAYLIGHT,,,,,,,F,NOT IN ROAD,,A,22106,,1,IRVING ST,TARAV,,,A,,,IRVING ST 2228,,,D,7/23/2024 10:31:32 AM,1/28/2025 3:20:05 PM,,,2,,,,,,,
2569917,230875823,2,False,3801,12/14/2023 1:43:00 PM,1343,5,1227,3801,San Francisco,38,True,True,G,VEHICLE/PEDESTRAIN,,Thursday,,,,,False,False,False,,B,PEDESTRIAN,,1,0,CLEAR,,NO UNUSUAL CONDITIONS - NO UNUSUAL CONDITIONS,,,A,DAYLIGHT,,,,,,,B,CROSSING IN CROSS WALK AT INTERSECTION,,A,21950A,,1,15TH ST,SOUTH,,,A,,,HENRY ADAMS ST,,,A,7/23/2024 10:28:47 AM,1/28/2025 3:19:39 PM,,,2,,,,,,,
2569916,230876627,2,False,3801,12/14/2023 5:23:00 PM,1723,,1227,3801,San Francisco,38,True,True,G,VEHICLE/PEDESTRAIN,,Thursday,,,,,False,False,False,,B,PEDESTRIAN,,1,0,CLEAR,,,,,C,DARK-STREET LIGHTS,,,,,,,B,CROSSING IN CROSS WALK AT INTERSECTION,,A,21950A,,1,GEARY ST,TENDE,,,A,,,HYDE ST,,,A,7/23/2024 10:28:47 AM,1/28/2025 3:19:39 PM,,,2,,,,,,,
2569914,230870782,2,False,3801,12/12/2023 3:45:00 PM,1545,,1227,3801,San Francisco,38,True,True,G,VEHICLE/PEDESTRAIN,,Tuesday,,,,,False,False,False,,B,PEDESTRIAN,,1,0,CLEAR,,,,,A,DAYLIGHT,,,,,,,B,CROSSING IN CROSS WALK AT INTERSECTION,,A,22107,,1,GENEBERN WY,INGLE,,,A,,,BENTON AV,,,D,7/23/2024 10:28:46 AM,1/28/2025 3:19:39 PM,,,2,,,,,,,
2569911,230873714,2,False,3801,12/13/2023 5:00:00 PM,1700,3A13D,1227,3801,San Francisco,38,True,True,G,VEHICLE/PEDESTRAIN,,Wednesday,,,,,False,False,False,,B,PEDESTRIAN,,1,0,CLEAR,,NO UNUSUAL CONDITIONS - NO UNUSUAL CONDITIONS,,,A,DAYLIGHT,,,,,,,D,CROSSING - NOT IN CROSSWALK,,A,21955,,1,BAY ST,CENTR,,,A,,,TAYLOR ST,,,D,7/23/2024 10:28:46 AM,1/28/2025 3:19:39 PM,,,2,,,,,,,
2569907,230875306,2,False,3801,12/14/2023 8:32:00 AM,0832,1,1227,3801,San Francisco,38,True,True,G,VEHICLE/PEDESTRAIN,,Thursday,,,F,,False,False,False,,B,PEDESTRIAN,,1,0,CLEAR,,NO UNUSUAL CONDITIONS - NO UNUSUAL CONDITIONS,,,A,DAYLIGHT,,,,,,,B,CROSSING IN CROSS WALK AT INTERSECTION,,A,21950A,,1,17TH AV,TARAV,,,A,,,RIVERA ST,,,D,7/23/2024 10:28:45 AM,1/28/2025 3:19:39 PM,,,2,,,,,,,
2569898,230874013,2,False,3801,12/13/2023 6:35:00 PM,1835,3E14D,1227,3801,San Francisco,38,True,True,G,VEHICLE/PEDESTRAIN,,Wednesday,,,,,False,False,False,,B,PEDESTRIAN,,1,0,CLEAR,,NO UNUSUAL CONDITIONS - NO UNUSUAL CONDITIONS,,,C,DARK-STREET LIGHTS,,,,,,,B,CROSSING IN CROSS WALK AT INTERSECTION,,A,21950A,,1,BUSH ST,NORTH,,,A,,,SCOTT ST,,,A,7/23/2024 10:28:44 AM,1/28/2025 3:19:39 PM,,,2,,,,,,,
2569895,230879057,2,False,3801,12/15/2023 6:35:00 PM,1835,1 CAR,1227,3801,San Francisco,38,True,True,G,VEHICLE/PEDESTRAIN,,Friday,,,,,False,True,False,,B,PEDESTRIAN,,1,0,CLEAR,,NO UNUSUAL CONDITIONS - NO UNUSUAL CONDITIONS,,,C,DARK-STREET LIGHTS,,,,,,,E,IN ROAD - INCLUDES SHOULDER,,A,21954A,,1,LAGUNA ST,NORTH,,,A,N,150,WALLER ST,F,,D,7/23/2024 10:28:44 AM,1/28/2025 3:19:39 PM,,,2,,,,,,,
2569887,230871558,2,False,3801,12/18/2023 10:22:00 PM,2222,3E12E,1227,3801,San Francisco,38,True,True,G,VEHICLE/PEDESTRAIN,,Monday,,,,,False,False,False,,B,PEDESTRIAN,,1,0,CLEAR,,NO UNUSUAL CONDITIONS - NO UNUSUAL CONDITIONS,,,C,DARK-STREET LIGHTS,,,,,,,B,CROSSING IN CROSS WALK AT INTERSECTION,,A,21950A,,1,HAYES ST,NORTH,,,B,W,4,OCTAVIA ST,F,,D,7/23/2024 10:28:43 AM,1/28/2025 3:19:39 PM,,,2,,,,,,,
2569883,230885678,2,False,3801,12/19/2023 8:05:00 AM,0805,3C12A,1227,3801,San Francisco,38,True,True,,,,Tuesday,,,F,,False,False,False,,B,PEDESTRIAN,,1,0,RAINING,,NO UNUSUAL CONDITIONS - NO UNUSUAL CONDITIONS,,,C,DARK-STREET LIGHTS,,,,,,,,,,A,22350,,1,PAUL ST,BAYVI,,,B,,,BAYSHORE BL,,,A,7/23/2024 10:28:42 AM,1/28/2025 3:19:39 PM,,,2,,,,,,,
2569881,230885060,2,False,3801,12/18/2023 9:10:00 PM,2110,3B13,1227,3801,San Francisco,38,True,True,G,VEHICLE/PEDESTRAIN,,Monday,,,,,False,False,False,,B,PEDESTRIAN,,1,0,RAINING,,NO UNUSUAL CONDITIONS - NO UNUSUAL CONDITIONS,,,C,DARK-STREET LIGHTS,,,,,,,B,CROSSING IN CROSS WALK AT INTERSECTION,,A,21950A,,1,8TH ST,SOUTH,,,B,,,MINNA ST,,,A,7/23/2024 10:28:42 AM,1/28/2025 3:19:39 PM,,,2,,,,,,,
2569879,230869387,2,False,3801,12/11/2023 10:17:00 PM,2217,E6,1227,3801,San Francisco,38,True,True,G,VEHICLE/PEDESTRAIN,,Monday,,,,,False,False,False,,B,PEDESTRIAN,,1,0,CLOUDY,,NO UNUSUAL CONDITIONS - NO UNUSUAL CONDITIONS,,,C,DARK-STREET LIGHTS,,,,,,,B,CROSSING IN CROSS WALK AT INTERSECTION,,A,21456,,1,FRANKLIN ST,NORTH,,,A,N,1,GREEN ST,F,,A,7/23/2024 10:28:42 AM,1/28/2025 3:19:39 PM,,,2,,,,,,,
2569875,230889551,2,False,3801,12/20/2023 6:25:00 PM,1825,I6,1227,3801,San Francisco,38,True,True,D,BROADSIDE,,Wednesday,,,,,False,False,False,,B,PEDESTRIAN,,1,0,CLEAR,,NO UNUSUAL CONDITIONS - NO UNUSUAL CONDITIONS,,,C,DARK-STREET LIGHTS,,,,,,,B,CROSSING IN CROSS WALK AT INTERSECTION,,A,21950A,,1,BEVERLY ST,TARAV,,,A,,,GARFIELD ST,,,D,7/23/2024 10:28:41 AM,1/28/2025 3:19:39 PM,,,2,,,,,,,
2569874,230891788,2,False,3801,12/21/2023 6:02:00 PM,1802,3F1D,1227,3801,San Francisco,38,True,True,D,BROADSIDE,,Thursday,,,,,False,False,False,,B,PEDESTRIAN,,1,0,CLEAR,,NO UNUSUAL CONDITIONS - NO UNUSUAL CONDITIONS,,,D,DARK-NO STREET LIGHTS,,,,,,,B,CROSSING IN CROSS WALK AT INTERSECTION,,A,21950,,1,FULTON ST,PARK,,,A,,,CLAYTON ST,,,D,7/23/2024 10:28:41 AM,1/28/2025 3:19:38 PM,,,2,,,,,,,
2569869,230885254,2,False,3801,12/19/2023 5:25:00 PM,1725,3D12D,1227,3801,San Francisco,38,True,True,G,VEHICLE/PEDESTRAIN,,Tuesday,,,,,False,False,False,,B,PEDESTRIAN,,1,0,CLOUDY,,NO UNUSUAL CONDITIONS - NO UNUSUAL CONDITIONS,,,C,DARK-STREET LIGHTS,,,,,,,B,CROSSING IN CROSS WALK AT INTERSECTION,,A,21950A,,1,23RD ST,MISSI,,,A,,,NOE ST,,,D,7/23/2024 10:28:40 AM,1/28/2025 3:19:38 PM,,,2,,,,,,,
2569864,230897297,2,False,3801,12/24/2023 11:25:00 AM,1125,2,1227,3801,San Francisco,38,True,True,,,,Sunday,,,,,False,False,False,,B,PEDESTRIAN,,1,0,CLOUDY,,NO UNUSUAL CONDITIONS - NO UNUSUAL CONDITIONS,,,A,DAYLIGHT,,,,,,,B,CROSSING IN CROSS WALK AT INTERSECTION,,A,21950A,,1,IRVING ST,TARAV,,,A,W,6,24TH AV,F,,A,7/23/2024 10:28:40 AM,1/28/2025 3:19:38 PM,,,2,,,,,,,
2569853,230889711,2,False,3801,12/20/2023 2:40:00 PM,1440,3I1B,1227,3801,San Francisco,38,True,True,G,VEHICLE/PEDESTRAIN,,Wednesday,,,,,False,False,False,,B,PEDESTRIAN,,1,0,OTHER,,OTHER* - OTHER*,,,A,DAYLIGHT,,,,,,,F,NOT IN ROAD,,D,,,,SUMMIT WY,,,,,,,BROTHERHOOD WY,,,D,7/23/2024 10:28:38 AM,1/28/2025 3:19:38 PM,,,2,,,,,,,
2569847,230898201,2,False,3801,12/24/2023 9:58:00 PM,2158,3J12E,1227,3801,San Francisco,38,True,True,G,VEHICLE/PEDESTRAIN,,Sunday,,,F,,False,False,False,,B,PEDESTRIAN,,1,0,CLEAR,,NO UNUSUAL CONDITIONS - NO UNUSUAL CONDITIONS,,,C,DARK-STREET LIGHTS,,,,,,,D,CROSSING - NOT IN CROSSWALK,,A,22350,,1,TURK ST,,,,A,W,106,LARKIN ST,F,,D,7/23/2024 10:28:37 AM,1/28/2025 3:19:38 PM,,,2,,,,,,,
2569846,2308597883,2,False,3801,12/24/2023 5:50:00 PM,1750,3I1D,1227,3801,San Francisco,38,True,True,G,VEHICLE/PEDESTRAIN,,Sunday,,,,,False,False,False,,B,PEDESTRIAN,,1,0,CLEAR,,NO UNUSUAL CONDITIONS - NO UNUSUAL CONDITIONS,,,C,DARK-STREET LIGHTS,,,,,,,B,CROSSING IN CROSS WALK AT INTERSECTION,,A,21950A,,1,IRVING ST,,,,A,,,16TH AV,,,A,7/23/2024 10:28:37 AM,1/28/2025 3:19:38 PM,,,2,,,,,,,
2569845,230893295,2,False,3801,12/22/2023 12:30:00 PM,1230,901,1227,3801,San Francisco,38,True,True,G,VEHICLE/PEDESTRAIN,,Friday,,,,,False,False,False,,B,PEDESTRIAN,,1,0,CLEAR,,NO UNUSUAL CONDITIONS - NO UNUSUAL CONDITIONS,,,A,DAYLIGHT,,,,,,,D,CROSSING - NOT IN CROSSWALK,,A,21954A,,1,SAN BRUNO AV,,,,A,,,BACON ST,,,D,7/23/2024 10:28:37 AM,1/28/2025 3:19:38 PM,,,2,,,,,,,
2569844,230890401,2,False,3801,12/21/2023 8:40:00 AM,0840,3J93A,1227,3801,San Francisco,38,True,True,G,VEHICLE/PEDESTRAIN,,Thursday,,,,,False,False,False,,B,PEDESTRIAN,,1,0,CLEAR,,NO UNUSUAL CONDITIONS - NO UNUSUAL CONDITIONS,,,A,DAYLIGHT,,,,,,,F,NOT IN ROAD,,A,22500F,,1,LEAVENWORTH ST,,,,A,,,TURK ST,,,A,7/23/2024 10:28:37 AM,1/28/2025 3:19:38 PM,,,2,,,,,,,
2569606,230895928,2,False,3801,12/23/2023 3:10:00 PM,1510,3B00C,1227,3801,San Francisco,38,True,True,G,VEHICLE/PEDESTRAIN,,Saturday,,,F,,False,False,False,,B,PEDESTRIAN,,1,0,CLEAR,,NO UNUSUAL CONDITIONS - NO UNUSUAL CONDITIONS,,,A,DAYLIGHT,,,,,,,B,CROSSING IN CROSS WALK AT INTERSECTION,,A,21950A,,1,3RD ST,SOUTH,,,A,,,MISSION ST,,,A,7/23/2024 10:28:04 AM,1/28/2025 3:19:33 PM,,,2,,,,,,,
2569603,230793734,2,False,3801,12/22/2023 3:35:00 PM,1535,3I11D,1227,3801,San Francisco,38,True,True,G,VEHICLE/PEDESTRAIN,,Friday,,,,,False,False,False,,B,PEDESTRIAN,,2,0,CLEAR,,NO UNUSUAL CONDITIONS - NO UNUSUAL CONDITIONS,,,A,DAYLIGHT,,,,,,,B,CROSSING IN CROSS WALK AT INTERSECTION,,A,21950A,,1,LAWTON ST,TARAV,,,A,,,18TH AV,,,D,7/23/2024 10:28:04 AM,1/28/2025 3:19:33 PM,,,2,,,,,,,
2569601,230885628,2,False,3801,12/19/2023 6:10:00 AM,0610,J5,1227,3801,San Francisco,38,True,True,G,VEHICLE/PEDESTRAIN,,Tuesday,,,,,False,False,False,,B,PEDESTRIAN,,1,0,RAINING,,NO UNUSUAL CONDITIONS - NO UNUSUAL CONDITIONS,,,C,DARK-STREET LIGHTS,,,,,,,B,CROSSING IN CROSS WALK AT INTERSECTION,,A,21950A,,1,MASON ST,TENDE,,,B,,,ELLIS ST,,,A,7/23/2024 10:28:03 AM,1/28/2025 3:19:33 PM,,,2,,,,,,,
2568512,230772116,2,False,3801,10/28/2023 5:59:00 PM,1759,3A91E,1227,3801,San Francisco,38,True,True,G,VEHICLE/PEDESTRAIN,,Saturday,,,,,False,False,True,,B,PEDESTRIAN,,1,0,CLEAR,,NO UNUSUAL CONDITIONS - NO UNUSUAL CONDITIONS,,,,,,,,,,,B,CROSSING IN CROSS WALK AT INTERSECTION,,A,21950A,,1,GEARY ST,CENTR,,,A,,,GRANT AV,,,A,7/23/2024 10:25:39 AM,1/28/2025 3:19:08 PM,,,2,,,,,,,
2568467,230793918,2,False,3801,11/7/2023 8:45:00 AM,0845,3I11A,1227,3801,San Francisco,38,True,True,G,VEHICLE/PEDESTRAIN,,Tuesday,,,F,,False,False,False,,B,PEDESTRIAN,,1,0,CLEAR,,NO UNUSUAL CONDITIONS - NO UNUSUAL CONDITIONS,,,A,DAYLIGHT,,,,,,,B,CROSSING IN CROSS WALK AT INTERSECTION,,D,,,,17TH AV,TARAV,,,A,,,LAWTON ST,,,A,7/23/2024 10:25:33 AM,1/28/2025 3:19:07 PM,,,2,,,,,,,
2568462,230790594,2,False,3801,11/5/2023 6:23:00 PM,1823,3H14D,1227,3801,San Francisco,38,True,True,G,VEHICLE/PEDESTRAIN,,Sunday,,,,,False,False,False,,B,PEDESTRIAN,,1,0,RAINING,,NO UNUSUAL CONDITIONS - NO UNUSUAL CONDITIONS,,,C,DARK-STREET LIGHTS,,,,,,,B,CROSSING IN CROSS WALK AT INTERSECTION,,A,21950B,,1,BOSWORTH ST,INGLE,,,B,,,DIAMOND ST,,,A,7/23/2024 10:25:32 AM,1/28/2025 3:19:07 PM,,,2,,,,,,,
2568459,230785216,2,False,3801,11/3/2023 11:21:00 AM,1121,3H11A,1227,3801,San Francisco,38,True,True,G,VEHICLE/PEDESTRAIN,,Friday,,,,,False,False,False,,B,PEDESTRIAN,,1,0,CLEAR,,NO UNUSUAL CONDITIONS - NO UNUSUAL CONDITIONS,,,A,DAYLIGHT,,,,,,,E,IN ROAD - INCLUDES SHOULDER,,A,22106,,1,MISSION ST,INGLE,,,A,,,29TH ST,,,D,7/23/2024 10:25:32 AM,1/28/2025 3:19:07 PM,,,2,,,,,,,
2568458,230798980,2,False,3801,11/9/2023 2:06:00 PM,1406,3J92C,1227,3801,San Francisco,38,True,True,G,VEHICLE/PEDESTRAIN,,Thursday,,,,,False,False,False,,B,PEDESTRIAN,,1,0,CLEAR,,NO UNUSUAL CONDITIONS - NO UNUSUAL CONDITIONS,,,A,DAYLIGHT,,,,,,,B,CROSSING IN CROSS WALK AT INTERSECTION,,A,21950A,,1,OFARRELL ST,TENDE,,,A,,,TAYLOR ST,,,A,7/23/2024 10:25:32 AM,1/28/2025 3:19:07 PM,,,2,,,,,,,
2568452,230801947,2,False,3801,11/10/2023 6:27:00 PM,1827,H5,1227,3801,San Francisco,38,True,True,G,VEHICLE/PEDESTRAIN,,Friday,,,,,False,False,False,,B,PEDESTRIAN,,1,0,CLEAR,,NO UNUSUAL CONDITIONS - NO UNUSUAL CONDITIONS,,,C,DARK-STREET LIGHTS,,,,,,,B,CROSSING IN CROSS WALK AT INTERSECTION,,A,21950A,,1,OCEAN AV,INGLE,,,B,,,SAN JOSE AV,,,A,7/23/2024 10:25:31 AM,1/28/2025 3:19:07 PM,,,2,,,,,,,
2568446,230803711,2,False,3801,11/11/2023 4:34:00 PM,1634,3H15A,1227,3801,San Francisco,38,True,True,G,VEHICLE/PEDESTRAIN,,Saturday,,,,,False,False,False,,B,PEDESTRIAN,,1,0,CLEAR,,NO UNUSUAL CONDITIONS - NO UNUSUAL CONDITIONS,,,B,DUSK-DAWN,,,,,,,B,CROSSING IN CROSS WALK AT INTERSECTION,,A,21954,,1,MISSION ST,INGLE,,,A,,,MISSION ST 5750,,,A,7/23/2024 10:25:30 AM,1/28/2025 3:19:07 PM,,,2,,,,,,,
2568438,230810114,2,False,3801,11/14/2023 6:44:00 PM,1844,4CAR,1227,3801,San Francisco,38,True,True,,,,Tuesday,,,F,,False,False,False,,B,PEDESTRIAN,,1,0,CLEAR,,NO UNUSUAL CONDITIONS - NO UNUSUAL CONDITIONS,,,C,DARK-STREET LIGHTS,,,,,,,B,CROSSING IN CROSS WALK AT INTERSECTION,,A,21950A,,1,WEST PORTAL AV,TARAV,,,A,,,VICENTE ST,,,A,7/23/2024 10:25:29 AM,1/28/2025 3:19:06 PM,,,2,,,,,,,
2568432,230805789,2,False,3801,11/12/2023 5:26:00 PM,1726,3A15A,1227,3801,San Francisco,38,True,True,G,VEHICLE/PEDESTRAIN,,Sunday,,,F,,False,False,False,,B,PEDESTRIAN,,1,0,CLEAR,,REDUCED ROADWAY WIDTH - REDUCED ROADWAY WIDTH,,,C,DARK-STREET LIGHTS,,,,,,,B,CROSSING IN CROSS WALK AT INTERSECTION,,A,21453A,,1,THE EMBARCADERO,CENTR,,,A,,,BROADWAY,,,A,7/23/2024 10:25:28 AM,1/28/2025 3:19:06 PM,,,2,,,,,,,
2568431,230805977,2,False,3801,11/12/2023 6:35:00 PM,1835,3G15D,1227,3801,San Francisco,38,True,True,G,VEHICLE/PEDESTRAIN,,Sunday,,,,,False,False,False,,H,ANIMAL,,2,0,CLEAR,,NO UNUSUAL CONDITIONS - NO UNUSUAL CONDITIONS,,,C,DARK-STREET LIGHTS,,,,,,,B,CROSSING IN CROSS WALK AT INTERSECTION,,A,21950A,,1,GEARY BL,RICHM,,,A,W,6,43RD AV,F,,D,7/23/2024 10:25:27 AM,1/28/2025 3:19:06 PM,,,2,,,,,,,
2587575,230861402,2,False,3801,12/8/2023 11:49:00 AM,1149,3A77,1227,3801,San Francisco,38,True,True,G,VEHICLE/PEDESTRAIN,,Friday,,,,,False,False,False,,B,PEDESTRIAN,,1,0,CLEAR,,NO UNUSUAL CONDITIONS - NO UNUSUAL CONDITIONS,,,A,DAYLIGHT,,,,,,,B,CROSSING IN CROSS WALK AT INTERSECTION,,A,21950A,,1,KEARNY ST,CENTR,,,A,,,SACRAMENTO ST,,,A,7/23/2024 2:26:41 PM,1/28/2025 3:26:13 PM,,,2,,,,,,,
2587392,230907288,2,False,3801,12/29/2023 3:15:00 PM,1515,,1227,3801,San Francisco,38,True,True,B,SIDE SWIPE,,Friday,,,,,False,True,False,,B,PEDESTRIAN,,1,0,RAINING,,NO UNUSUAL CONDITIONS - NO UNUSUAL CONDITIONS,,,A,DAYLIGHT,,,,,,,B,CROSSING IN CROSS WALK AT INTERSECTION,,A,21453D,,1,VAN NESS AV,NORTH,,,B,,,GEARY BL,,,A,7/23/2024 2:26:30 PM,1/28/2025 3:26:10 PM,,,2,,,,,,,
2587390,230908076,2,False,3801,12/29/2023 10:34:00 PM,2234,3E6E,1227,3801,San Francisco,38,True,True,G,VEHICLE/PEDESTRAIN,,Friday,,,,,False,False,False,,B,PEDESTRIAN,,1,0,CLOUDY,,NO UNUSUAL CONDITIONS - NO UNUSUAL CONDITIONS,,,C,DARK-STREET LIGHTS,,,,,,,B,CROSSING IN CROSS WALK AT INTERSECTION,,A,21950A,,1,LOMBARD ST,NORTH,,,B,,,VAN NESS AV,,,A,7/23/2024 2:26:30 PM,1/28/2025 3:26:10 PM,,,2,,,,,,,
2587374,230903587,2,False,3801,12/27/2023 10:49:00 PM,2249,3H13E,1227,3801,San Francisco,38,True,True,G,VEHICLE/PEDESTRAIN,,Wednesday,,,,,False,False,False,,B,PEDESTRIAN,,1,0,RAINING,,NO UNUSUAL CONDITIONS - NO UNUSUAL CONDITIONS,,,C,DARK-STREET LIGHTS,,,,,,,B,CROSSING IN CROSS WALK AT INTERSECTION,,A,21950A,,1,MISSION ST,INGLE,,,B,,,SILVER ST,,,A,7/23/2024 2:26:29 PM,1/28/2025 3:26:09 PM,,,2,,,,,,,