Collision Id,Report Number,Report Version,Is Preliminary,NCIC Code,Crash Date Time,Crash Time Description,Beat,City Id,City Code,City Name,County Code,City Is Active,City Is Incorporated,Collision Type Code,Collision Type Description,Collision Type Other Desc,Day Of Week,DispatchNotified,HasPhotographs,HitRun,IsAttachmentsMailed,IsDeleted,IsHighwayRelated,IsTowAway,JudicialDistrict,MotorVehicleInvolvedWithCode,MotorVehicleInvolvedWithDesc,MotorVehicleInvolvedWithOtherDesc,NumberInjured,NumberKilled,Weather 1,Weather 2,Road Condition 1,Road Condition 2,Special Condition,LightingCode,LightingDescription,Latitude,Longitude,MilepostDirection,MilepostDistance,MilepostMarker,MilepostUnitOfMeasure,PedestrianActionCode,PedestrianActionDesc,PreparedDate,Primary Collision Factor Code,Primary Collision Factor Violation,PrimaryCollisionFactorIsCited,PrimaryCollisionPartyNumber,PrimaryRoad,ReportingDistrict,ReportingDistrictCode,ReviewedDate,RoadwaySurfaceCode,SecondaryDirection,SecondaryDistance,SecondaryRoad,SecondaryUnitOfMeasure,SketchDesc,TrafficControlDeviceCode,CreatedDate,ModifiedDate,IsCountyRoad,IsFreeway,CHP555Version,IsAdditonalObjectStruck,NotificationDate,NotificationTimeDescription,HasDigitalMediaFiles,EvidenceNumber,IsLocationReferToNarrative,IsAOIOneSameAsLocation
2587368,230900549,2,False,3801,12/26/2023 1:05:00 PM,1305,6,1227,3801,San Francisco,38,True,True,G,VEHICLE/PEDESTRAIN,,Tuesday,,,F,,False,False,False,,B,PEDESTRIAN,,1,0,CLOUDY,,NO UNUSUAL CONDITIONS - NO UNUSUAL CONDITIONS,,,A,DAYLIGHT,,,,,,,F,NOT IN ROAD,,A,21663,,1,16TH ST,MISSI,,,A,,,SOUTH VAN NESS AV,,,D,7/23/2024 2:26:29 PM,1/28/2025 3:26:09 PM,,,2,,,,,,,
2587366,230907777,2,False,3801,12/29/2023 8:01:00 PM,2001,3H13D,1227,3801,San Francisco,38,True,True,G,VEHICLE/PEDESTRAIN,,Friday,,,,,False,False,False,,B,PEDESTRIAN,,1,0,RAINING,,NO UNUSUAL CONDITIONS - NO UNUSUAL CONDITIONS,,,C,DARK-STREET LIGHTS,,,,,,,B,CROSSING IN CROSS WALK AT INTERSECTION,,A,22107,,1,SENECA AV,INGLE,,,B,,,MISSION ST,,,A,7/23/2024 2:26:28 PM,1/28/2025 3:26:09 PM,,,2,,,,,,,
2587361,230905345,2,False,3801,12/28/2023 5:48:00 PM,1748,3E13D,1227,3801,San Francisco,38,True,True,,,,Thursday,,,,,False,False,False,,B,PEDESTRIAN,,1,0,CLEAR,,NO UNUSUAL CONDITIONS - NO UNUSUAL CONDITIONS,,,C,DARK-STREET LIGHTS,,,,,,,B,CROSSING IN CROSS WALK AT INTERSECTION,,A,21950A,,1,POLK ST,NORTH,,,A,,,EDDY ST,,,A,7/23/2024 2:26:28 PM,1/28/2025 3:26:09 PM,,,2,,,,,,,
2587354,230910059,2,False,3801,12/30/2023 11:37:00 PM,2337,3J14E,1227,3801,San Francisco,38,True,True,A,HEAD-ON,,Saturday,,,F,,False,False,False,,B,PEDESTRIAN,,1,0,CLEAR,,NO UNUSUAL CONDITIONS - NO UNUSUAL CONDITIONS,,,C,DARK-STREET LIGHTS,,,,,,,F,NOT IN ROAD,,A,21235G,,1,TURK ST,TENDE,,,A,E,169,HYDE ST,F,,A,7/23/2024 2:26:28 PM,1/28/2025 3:26:09 PM,,,2,,,,,,,
2587351,230891227,2,False,3801,12/21/2023 2:37:00 PM,1437,3E,1227,3801,San Francisco,38,True,True,D,BROADSIDE,,Thursday,,,F,,False,False,False,,B,PEDESTRIAN,,1,0,CLEAR,,NO UNUSUAL CONDITIONS - NO UNUSUAL CONDITIONS,,,A,DAYLIGHT,,,,,,,F,NOT IN ROAD,,A,22350,,1,VAN NESS AV,NORTH,,,A,N,10,BUSH ST,F,,D,7/23/2024 2:26:27 PM,1/28/2025 3:26:09 PM,,,2,,,,,,,
2587350,230909955,2,False,3801,12/30/2023 9:48:00 PM,2148,3A1E,1227,3801,San Francisco,38,True,True,,,,Saturday,,,,,False,False,True,,B,PEDESTRIAN,,1,0,CLEAR,,NO UNUSUAL CONDITIONS - NO UNUSUAL CONDITIONS,,,C,DARK-STREET LIGHTS,,,,,,,B,CROSSING IN CROSS WALK AT INTERSECTION,,A,22106,,1,PINE ST,CENTR,,,A,,,TAYLOR AV,,,A,7/23/2024 2:26:27 PM,1/28/2025 3:26:09 PM,,,2,,,,,,,
2587334,230907852,2,False,3801,12/30/2023 8:24:00 PM,2024,3E13D,1227,3801,San Francisco,38,True,True,A,HEAD-ON,,Saturday,,,F,,False,False,False,,B,PEDESTRIAN,,0,0,RAINING,,NO UNUSUAL CONDITIONS - NO UNUSUAL CONDITIONS,,,C,DARK-STREET LIGHTS,,,,,,,D,CROSSING - NOT IN CROSSWALK,,A,21950A,,1,GEARY ST,NORTH,,,B,,,LARKIN ST,,,A,7/23/2024 2:26:27 PM,1/28/2025 3:26:08 PM,,,2,,,,,,,
2587332,2300900464,3,False,3801,12/26/2023 6:37:00 AM,0637,4B2E,1227,3801,San Francisco,38,True,True,G,VEHICLE/PEDESTRAIN,,Tuesday,,,F,,False,False,True,,B,PEDESTRIAN,,0,1,CLEAR,,NO UNUSUAL CONDITIONS - NO UNUSUAL CONDITIONS,,,C,DARK-STREET LIGHTS,,,,,,,E,IN ROAD - INCLUDES SHOULDER,,A,22350,,1,BAY SHORE BL,TRAFF,,,A,S,15,SILVER AV,F,,A,7/23/2024 2:26:26 PM,7/23/2025 6:29:58 PM,,,2,,,,,,,
2587331,230899823,2,False,3801,12/26/2023 6:35:00 AM,0635,4B2E,1227,3801,San Francisco,38,True,True,G,VEHICLE/PEDESTRAIN,,Tuesday,,,F,,False,False,False,,B,PEDESTRIAN,,1,0,CLEAR,,NO UNUSUAL CONDITIONS - NO UNUSUAL CONDITIONS,,,C,DARK-STREET LIGHTS,,,,,,,B,CROSSING IN CROSS WALK AT INTERSECTION,,A,21950A,,1,BAY SHORE BL,TRAFF,,,A,S,5,SILVER AV,F,,A,7/23/2024 2:26:26 PM,1/28/2025 3:26:09 PM,,,2,,,,,,,
2587330,230900232,2,False,3801,12/26/2023 11:34:00 AM,1134,3H11A,1227,3801,San Francisco,38,True,True,G,VEHICLE/PEDESTRAIN,,Tuesday,,,,,False,False,False,,B,PEDESTRIAN,,1,0,CLEAR,,NO UNUSUAL CONDITIONS - NO UNUSUAL CONDITIONS,,,A,DAYLIGHT,,,,,,,E,IN ROAD - INCLUDES SHOULDER,,A,22106,,1,CORTLAND,INGLE,,,A,,,CORTLAND 804,,,D,7/23/2024 2:26:26 PM,1/28/2025 3:26:08 PM,,,2,,,,,,,
2586363,230847929,2,False,3801,12/2/2023 9:05:00 AM,0905,3D2A,1227,3801,San Francisco,38,True,True,G,VEHICLE/PEDESTRAIN,,Saturday,,,,,False,False,False,,B,PEDESTRIAN,,1,0,RAINING,,NO UNUSUAL CONDITIONS - NO UNUSUAL CONDITIONS,,,A,DAYLIGHT,,,,,,,B,CROSSING IN CROSS WALK AT INTERSECTION,,A,21950A,,1,CESAR CHAVEZ ST,MISSI,,,B,,,HARRISON ST,,,A,7/23/2024 2:25:32 PM,1/28/2025 3:25:45 PM,,,2,,,,,,,
2585642,230762979,2,False,3801,10/24/2023 9:32:00 PM,2132,3A5E,1227,3801,San Francisco,38,True,True,G,VEHICLE/PEDESTRAIN,,Tuesday,,,,,False,False,False,,B,PEDESTRIAN,,2,0,CLEAR,,NO UNUSUAL CONDITIONS - NO UNUSUAL CONDITIONS,,,C,DARK-STREET LIGHTS,,,,,,,B,CROSSING IN CROSS WALK AT INTERSECTION,,A,21456A,,1,BATTERY ST,CENTR,,,A,,,CALIFORNIA ST,,,A,7/23/2024 2:24:51 PM,1/28/2025 3:25:29 PM,,,2,,,,,,,
2585256,230868486,2,False,3801,12/11/2023 3:39:00 PM,1539,3B12D,1227,3801,San Francisco,38,True,True,G,VEHICLE/PEDESTRAIN,,Monday,,,,,False,False,False,,B,PEDESTRIAN,,1,0,CLEAR,,NO UNUSUAL CONDITIONS - NO UNUSUAL CONDITIONS,,,A,DAYLIGHT,,,,,,,B,CROSSING IN CROSS WALK AT INTERSECTION,,A,21453D,,1,HOWARD ST,SOUTH,,,A,,,10TH ST,,,A,7/23/2024 2:24:30 PM,1/28/2025 3:25:20 PM,,,2,,,,,,,
2581745,230841608,2,False,3801,11/29/2023 4:05:00 PM,1605,3J38E,1227,3801,San Francisco,38,True,True,G,VEHICLE/PEDESTRAIN,,Wednesday,,,,,False,False,True,,,,,1,0,CLEAR,,NO UNUSUAL CONDITIONS - NO UNUSUAL CONDITIONS,,,B,DUSK-DAWN,,,,,,,,,,A,20001,,1,MOSS ST,,,,A,,,FOLSOM ST,,,D,7/23/2024 2:21:34 PM,1/28/2025 3:23:57 PM,,,2,,,,,,,
2581744,230842612,2,False,3801,11/30/2023 1:58:00 AM,0158,1,1227,3801,San Francisco,38,True,True,E,HIT OBJECT,,Thursday,,,,,False,False,False,,I,FIXED OBJECT,,1,0,CLEAR,,NO UNUSUAL CONDITIONS - NO UNUSUAL CONDITIONS,,,C,DARK-STREET LIGHTS,,,,,,,B,CROSSING IN CROSS WALK AT INTERSECTION,,D,,,,VALENCIA ST,,,,A,,,17TH ST,,,A,7/23/2024 2:21:34 PM,1/28/2025 3:23:57 PM,,,2,,,,,,,
2581563,230856215,2,False,3801,12/6/2023 8:00:00 AM,0800,3A60,1227,3801,San Francisco,38,True,True,G,VEHICLE/PEDESTRAIN,,Wednesday,,,,,False,False,False,,B,PEDESTRIAN,,1,0,RAINING,,NO UNUSUAL CONDITIONS - NO UNUSUAL CONDITIONS,,,A,DAYLIGHT,,,,,,,B,CROSSING IN CROSS WALK AT INTERSECTION,,A,21950A,,1,GEARY ST,CENTR,,,B,,,MASON ST,,,A,7/23/2024 2:21:26 PM,1/28/2025 3:23:53 PM,,,2,,,,,,,
2581560,230857188,2,False,3801,12/6/2023 2:26:00 PM,1426,3I1B,1227,3801,San Francisco,38,True,True,G,VEHICLE/PEDESTRAIN,,Wednesday,,,,,False,False,False,,B,PEDESTRIAN,,1,0,CLEAR,,NO UNUSUAL CONDITIONS - NO UNUSUAL CONDITIONS,,,A,DAYLIGHT,,,,,,,B,CROSSING IN CROSS WALK AT INTERSECTION,,A,21950A,,1,20TH AV,TARAV,,,B,,,BUCKINGHAM WY,,,D,7/23/2024 2:21:26 PM,1/28/2025 3:23:53 PM,,,2,,,,,,,
2581557,230861725,2,False,3801,12/8/2023 1:35:00 PM,1335,3A15A,1227,3801,San Francisco,38,True,True,C,REAR END,,Friday,,,F,,False,False,False,,B,PEDESTRIAN,,2,0,CLEAR,,NO UNUSUAL CONDITIONS - NO UNUSUAL CONDITIONS,,,A,DAYLIGHT,,,,,,,F,NOT IN ROAD,,A,22350,,1,NEW MONTGOMERY ST,CENTR,,,A,S,10,JESSIE ST,F,,D,7/23/2024 2:21:25 PM,1/28/2025 3:23:53 PM,,,2,,,,,,,
2581549,230860448,2,False,3801,12/7/2023 10:02:00 PM,2202,3B12E,1227,3801,San Francisco,38,True,True,G,VEHICLE/PEDESTRAIN,,Thursday,,,,,False,False,False,,B,PEDESTRIAN,,1,0,CLEAR,,NO UNUSUAL CONDITIONS - NO UNUSUAL CONDITIONS,,,C,DARK-STREET LIGHTS,,,,,,,D,CROSSING - NOT IN CROSSWALK,,A,21954A,,1,3RD ST,SOUTH,,,A,,,TOWNSEND,,,A,7/23/2024 2:21:25 PM,1/28/2025 3:23:53 PM,,,2,,,,,,,
2581389,230846658,2,False,3801,12/1/2023 5:40:00 PM,1740,3H11D,1227,3801,San Francisco,38,True,True,G,VEHICLE/PEDESTRAIN,,Friday,,,,,False,False,False,,B,PEDESTRIAN,,1,0,,,NO UNUSUAL CONDITIONS - NO UNUSUAL CONDITIONS,,,C,DARK-STREET LIGHTS,,,,,,,B,CROSSING IN CROSS WALK AT INTERSECTION,,A,21950A,,1,CRESCENT AV,INGLE,,,A,,,FOLSOM ST,,,A,7/23/2024 2:21:17 PM,1/28/2025 3:23:49 PM,,,2,,,,,,,
2581378,230871809,2,False,3801,12/12/2023 11:44:00 PM,2344,,1227,3801,San Francisco,38,True,True,G,VEHICLE/PEDESTRAIN,,Tuesday,,,,,False,False,False,,B,PEDESTRIAN,,1,0,FOG/VISIBILITY,,NO UNUSUAL CONDITIONS - NO UNUSUAL CONDITIONS,,,C,DARK-STREET LIGHTS,,,,,,,D,CROSSING - NOT IN CROSSWALK,,A,21954A,,1,OAK ST,PARK,,,A,,,COLE ST,,,A,7/23/2024 2:21:16 PM,1/28/2025 3:23:49 PM,,,2,,,,,,,
2581374,230865589,2,False,3801,12/10/2023 8:40:00 AM,0840,3D11,1227,3801,San Francisco,38,True,True,D,BROADSIDE,,Sunday,,,,,False,False,True,,B,PEDESTRIAN,,1,0,CLEAR,CLOUDY,NO UNUSUAL CONDITIONS - NO UNUSUAL CONDITIONS,,,A,DAYLIGHT,,,,,,,E,IN ROAD - INCLUDES SHOULDER,,A,21950A,,1,VALENCIA ST,MISSI,,,A,,,ROSA PARKS LN,,,D,7/23/2024 2:21:16 PM,1/28/2025 3:23:49 PM,,,2,,,,,,,
2581364,230851607,2,False,3801,12/4/2023 7:46:00 AM,0746,3G60,1227,3801,San Francisco,38,True,True,A,HEAD-ON,,Monday,,,M,,False,False,False,,B,PEDESTRIAN,,1,0,CLOUDY,,NO UNUSUAL CONDITIONS - NO UNUSUAL CONDITIONS,,,A,DAYLIGHT,,,,,,,B,CROSSING IN CROSS WALK AT INTERSECTION,,A,21950A,,1,19TH AV,RICHM,,,A,S,3,CALIFORNIA ST,F,,A,7/23/2024 2:21:16 PM,1/28/2025 3:23:48 PM,,,2,,,,,,,
2581361,230852508,2,False,3801,12/4/2023 2:15:00 PM,1415,3I16A,1227,3801,San Francisco,38,True,True,H,OTHER,,Monday,,,,,False,False,False,,B,PEDESTRIAN,,1,0,CLEAR,,NO UNUSUAL CONDITIONS - NO UNUSUAL CONDITIONS,,,A,DAYLIGHT,,,,,,,B,CROSSING IN CROSS WALK AT INTERSECTION,,D,,,,OCEAN AV,TARAV,,,A,S,10,FAXON AV,F,,A,7/23/2024 2:21:15 PM,1/28/2025 3:23:48 PM,,,2,,,,,,,
2581354,230868420,2,False,3801,12/8/2023 9:30:00 AM,0930,3A44C,1227,3801,San Francisco,38,True,True,G,VEHICLE/PEDESTRAIN,,Friday,,,F,,False,False,False,,B,PEDESTRIAN,,1,0,CLEAR,,NO UNUSUAL CONDITIONS - NO UNUSUAL CONDITIONS,,,A,DAYLIGHT,,,,,,,B,CROSSING IN CROSS WALK AT INTERSECTION,,A,21950A,,1,EDDY ST,CENTR,,,A,,,VAN NESS AV,,,A,7/23/2024 2:21:15 PM,1/28/2025 3:23:48 PM,,,2,,,,,,,
2581353,230836035,2,False,3801,11/27/2023 9:00:00 AM,0900,3B14A,1227,3801,San Francisco,38,True,True,G,VEHICLE/PEDESTRAIN,,Monday,,,F,,False,False,False,,B,PEDESTRIAN,,1,0,CLEAR,,NO UNUSUAL CONDITIONS - NO UNUSUAL CONDITIONS,,,A,DAYLIGHT,,,,,,,B,CROSSING IN CROSS WALK AT INTERSECTION,,A,21453D,,1,KING,SOUTH,,,A,,,3RD ST,,,A,7/23/2024 2:21:15 PM,1/28/2025 3:23:48 PM,,,2,,,,,,,
2581349,230841357,2,False,3801,11/29/2023 2:45:00 PM,1445,3G4A,1227,3801,San Francisco,38,True,True,G,VEHICLE/PEDESTRAIN,,Wednesday,,,,,False,False,False,,B,PEDESTRIAN,,1,0,CLEAR,,NO UNUSUAL CONDITIONS - NO UNUSUAL CONDITIONS,,,A,DAYLIGHT,,,,,,,B,CROSSING IN CROSS WALK AT INTERSECTION,,A,21950A,,1,25TH AV,RICHM,,,A,,,ANZA ST,,,A,7/23/2024 2:21:15 PM,1/28/2025 3:23:48 PM,,,2,,,,,,,
2581345,230831110,2,False,3801,11/24/2023 6:30:00 PM,1830,4B2E,1227,3801,San Francisco,38,True,True,G,VEHICLE/PEDESTRAIN,,Friday,,,,,False,False,True,,B,PEDESTRIAN,,1,0,CLEAR,,NO UNUSUAL CONDITIONS - NO UNUSUAL CONDITIONS,,,C,DARK-STREET LIGHTS,,,,,,,D,CROSSING - NOT IN CROSSWALK,,A,21954A,,1,GEARY BL,NORTH,,,A,E,42,BUCHANAN ST,F,,D,7/23/2024 2:21:14 PM,1/28/2025 3:23:48 PM,,,2,,,,,,,
2581341,23087616,2,False,3801,11/13/2023 4:35:00 PM,1635,3H90,1227,3801,San Francisco,38,True,True,D,BROADSIDE,,Monday,,,,,False,False,False,,B,PEDESTRIAN,,2,0,,,NO UNUSUAL CONDITIONS - NO UNUSUAL CONDITIONS,,,B,DUSK-DAWN,,,,,,,B,CROSSING IN CROSS WALK AT INTERSECTION,,A,21950B,,1,MISSION ST,INGLE,,,A,,,RUSSIA AV,,,D,7/23/2024 2:21:14 PM,1/28/2025 3:23:48 PM,,,2,,,,,,,
2581340,23080144,2,False,3801,11/10/2023 2:55:00 PM,1455,3A42C,1227,3801,San Francisco,38,True,True,G,VEHICLE/PEDESTRAIN,,Friday,,,,,False,False,False,,B,PEDESTRIAN,,1,0,CLEAR,,NO UNUSUAL CONDITIONS - NO UNUSUAL CONDITIONS,,,A,DAYLIGHT,,,,,,,D,CROSSING - NOT IN CROSSWALK,,A,21950,,1,STOCKTON ST,CENTR,,,A,N,97,UNION ST,F,,A,7/23/2024 2:21:14 PM,1/28/2025 3:23:48 PM,,,2,,,,,,,
2581339,230828907,2,False,3801,11/23/2023 1:28:00 PM,1328,3B3A,1227,3801,San Francisco,38,True,True,G,VEHICLE/PEDESTRAIN,,Thursday,,,,,False,False,False,,B,PEDESTRIAN,,1,0,CLEAR,,NO UNUSUAL CONDITIONS - NO UNUSUAL CONDITIONS,,,A,DAYLIGHT,,,,,,,B,CROSSING IN CROSS WALK AT INTERSECTION,,A,21950A,,1,8TH ST,SOUTH,,,A,,,HOWARD ST,,,A,7/23/2024 2:21:14 PM,1/28/2025 3:23:48 PM,,,2,,,,,,,
2581337,230843466,2,False,3801,11/30/2023 1:00:00 PM,1300,3E15A,1227,3801,San Francisco,38,True,True,G,VEHICLE/PEDESTRAIN,,Thursday,,,,,False,False,False,,B,PEDESTRIAN,,1,0,CLEAR,,NO UNUSUAL CONDITIONS - NO UNUSUAL CONDITIONS,,,A,DAYLIGHT,,,,,,,B,CROSSING IN CROSS WALK AT INTERSECTION,,A,21950A,,1,LOMBARD ST,NORTH,,,A,,,VAN NESS AV,,,A,7/23/2024 2:21:14 PM,1/28/2025 3:23:48 PM,,,2,,,,,,,
2581293,230867375,2,False,3801,12/11/2023 6:20:00 AM,0620,3C12A,1227,3801,San Francisco,38,True,True,G,VEHICLE/PEDESTRAIN,,Monday,,,,,False,False,False,,B,PEDESTRIAN,,1,0,CLEAR,,NO UNUSUAL CONDITIONS - NO UNUSUAL CONDITIONS,,,C,DARK-STREET LIGHTS,,,,,,,D,CROSSING - NOT IN CROSSWALK,,A,21950,,1,NAPOLEON ST,BAYVI,,,A,W,628,EVANS AV,F,,A,7/23/2024 2:21:12 PM,1/28/2025 3:23:47 PM,,,2,,,,,,,
2580773,230783583,2,False,3801,11/2/2023 6:20:00 PM,1820,3J11D,1227,3801,San Francisco,38,True,True,G,VEHICLE/PEDESTRAIN,,Thursday,,,,,False,False,False,,B,PEDESTRIAN,,1,0,CLEAR,,NO UNUSUAL CONDITIONS - NO UNUSUAL CONDITIONS,,,B,DUSK-DAWN,,,,,,,B,CROSSING IN CROSS WALK AT INTERSECTION,,A,21950A,,1,6TH ST,TENDE,,,A,,,MARKET ST,,,A,7/23/2024 2:20:47 PM,1/28/2025 3:23:36 PM,,,2,,,,,,,
2580514,230876649,2,False,3801,12/14/2023 6:10:00 PM,1810,4CAR,1227,3801,San Francisco,38,True,True,G,VEHICLE/PEDESTRAIN,,Thursday,,,,,False,False,False,,B,PEDESTRIAN,,1,0,CLEAR,,NO UNUSUAL CONDITIONS - NO UNUSUAL CONDITIONS,,,D,DARK-NO STREET LIGHTS,,,,,,,B,CROSSING IN CROSS WALK AT INTERSECTION,,A,21950A,,1,ULLOA ST,TARAV,,,A,,,17TH AV,,,,7/23/2024 2:20:35 PM,1/28/2025 3:23:30 PM,,,2,,,,,,,
2579058,230365454,2,False,3801,5/27/2023 9:05:00 AM,0905,COJ,1227,3801,San Francisco,38,True,True,A,HEAD-ON,,Saturday,,,,,False,False,False,,B,PEDESTRIAN,,1,0,CLEAR,,NO UNUSUAL CONDITIONS - NO UNUSUAL CONDITIONS,,,A,DAYLIGHT,,,,,,,B,CROSSING IN CROSS WALK AT INTERSECTION,,A,21453D,,1,MCALLISTER ST,,,,A,E,4,LARKIN ST,F,,A,7/23/2024 2:19:26 PM,1/28/2025 3:22:58 PM,,,2,,,,,,,
4455237,240587739,2,False,3801,10/11/2023 4:00:00 PM,1600,3E00,1227,3801,San Francisco,38,True,True,G,VEHICLE/PEDESTRAIN,,Wednesday,,,F,,False,False,False,,B,PEDESTRIAN,,1,0,CLEAR,,NO UNUSUAL CONDITIONS - NO UNUSUAL CONDITIONS,,,A,DAYLIGHT,,,,,,,E,IN ROAD - INCLUDES SHOULDER,,A,22106,,1,FILLMORE ST,NORTH,,,A,N,50,GREENWICH ST,F,,D,11/1/2024 1:31:29 PM,1/28/2025 3:29:32 PM,,,2,,,,,,,
2594862,230908496,2,False,3801,12/30/2023 8:16:00 AM,0816,3C15A,1227,3801,San Francisco,38,True,True,G,VEHICLE/PEDESTRAIN,,Saturday,,,F,,False,False,False,,B,PEDESTRIAN,,1,0,CLEAR,,,,,A,DAYLIGHT,,,,,,,E,IN ROAD - INCLUDES SHOULDER,,A,22106,,1,REVERE AV,BAYVI,,,A,,,GRIFFITH ST,,,D,7/23/2024 2:34:00 PM,1/28/2025 3:29:13 PM,,,2,,,,,,,
2593008,240251138,2,False,3801,4/21/2023 10:08:00 PM,2208,3E3E,1227,3801,San Francisco,38,True,True,G,VEHICLE/PEDESTRAIN,,Friday,,,,,False,False,False,,B,PEDESTRIAN,,1,0,CLEAR,,NO UNUSUAL CONDITIONS - NO UNUSUAL CONDITIONS,,,C,DARK-STREET LIGHTS,,,,,,,E,IN ROAD - INCLUDES SHOULDER,,A,22106,,1,POLK ST,NORTH,,,A,,,MCALLISTER ST,,,D,7/23/2024 2:32:09 PM,1/28/2025 3:28:25 PM,,,2,,,,,,,
2592531,230697928,2,False,3801,9/28/2023 12:18:00 PM,1218,TENDER,1227,3801,San Francisco,38,True,True,G,VEHICLE/PEDESTRAIN,,Thursday,,,F,,False,False,True,,B,PEDESTRIAN,,1,0,CLEAR,,NO UNUSUAL CONDITIONS - NO UNUSUAL CONDITIONS,,,A,DAYLIGHT,,,,,,,,,,A,21950A,,1,TURK ST,TRAFF,,,A,W,5,JONES ST,F,,A,7/23/2024 2:31:41 PM,1/28/2025 3:28:15 PM,,,2,,,,,,,
2592059,230814984,2,False,3801,11/17/2023 9:35:00 AM,0935,3E16A,1227,3801,San Francisco,38,True,True,G,VEHICLE/PEDESTRAIN,,Friday,,,,,False,False,False,,B,PEDESTRIAN,,1,0,CLEAR,,NO UNUSUAL CONDITIONS - NO UNUSUAL CONDITIONS,,,A,DAYLIGHT,,,,,,,E,IN ROAD - INCLUDES SHOULDER,,A,21954A,,1,POLK ST,NORTH,,,A,N,106,CALIFORNIA ST,F,,D,7/23/2024 2:31:14 PM,1/28/2025 3:28:04 PM,,,2,,,,,,,
2591581,230861060,2,False,3801,12/8/2023 9:27:00 AM,0927,I3,1227,3801,San Francisco,38,True,True,G,VEHICLE/PEDESTRAIN,,Friday,,,,,False,False,False,,B,PEDESTRIAN,,1,0,CLEAR,,NO UNUSUAL CONDITIONS - NO UNUSUAL CONDITIONS,,,A,DAYLIGHT,,,,,,,D,CROSSING - NOT IN CROSSWALK,,A,21950A,,1,40TH AV,TARAV,,,A,,,RIVERA ST,,,D,7/23/2024 2:30:45 PM,1/28/2025 3:27:53 PM,,,2,,,,,,,
2591059,230519582,2,False,3801,7/25/2023 4:00:00 PM,1600,3E13D,1227,3801,San Francisco,38,True,True,G,VEHICLE/PEDESTRAIN,,Tuesday,,,F,,False,False,False,,B,PEDESTRIAN,,1,0,CLEAR,,NO UNUSUAL CONDITIONS - NO UNUSUAL CONDITIONS,,,A,DAYLIGHT,,,,,,,B,CROSSING IN CROSS WALK AT INTERSECTION,,A,21950A,,1,VAN NESS AV,NORTH,,,A,,,GEARY ST,,,A,7/23/2024 2:30:14 PM,1/28/2025 3:27:41 PM,,,2,,,,,,,
2590003,230231253,2,False,3801,4/3/2023 2:54:00 PM,1454,3B3,1227,3801,San Francisco,38,True,True,G,VEHICLE/PEDESTRAIN,,Monday,,,,,False,False,False,,B,PEDESTRIAN,,1,0,CLEAR,,NO UNUSUAL CONDITIONS - NO UNUSUAL CONDITIONS,,,A,DAYLIGHT,,,,,,,F,NOT IN ROAD,,A,22106,,1,RUSS ST,SOUTH,,,A,S,115,HOWARD ST,F,,D,7/23/2024 2:29:10 PM,1/28/2025 3:27:11 PM,,,2,,,,,,,
2589642,230872807,2,False,3801,12/13/2023 12:18:00 PM,1218,3H2A,1227,3801,San Francisco,38,True,True,G,VEHICLE/PEDESTRAIN,,Wednesday,,,,,False,False,False,,B,PEDESTRIAN,,1,0,CLEAR,,NO UNUSUAL CONDITIONS - NO UNUSUAL CONDITIONS,,,A,DAYLIGHT,,,,,,,B,CROSSING IN CROSS WALK AT INTERSECTION,,A,21950A,,1,PERSIA AV,INGLE,,,A,,,MISSION ST,,,A,7/23/2024 2:28:48 PM,1/28/2025 3:27:02 PM,,,2,,,,,,,
2589163,230881121,2,False,3801,12/16/2023 7:15:00 PM,1915,3D11D,1227,3801,San Francisco,38,True,True,G,VEHICLE/PEDESTRAIN,,Saturday,,,,,False,False,False,,B,PEDESTRIAN,,0,0,,,NO UNUSUAL CONDITIONS - NO UNUSUAL CONDITIONS,,,C,DARK-STREET LIGHTS,,,,,,,D,CROSSING - NOT IN CROSSWALK,,A,22106,,1,VALENCIA ST,MISSI,,,,,,HILL ST,,,D,7/23/2024 2:28:19 PM,1/28/2025 3:26:51 PM,,,2,,,,,,,
2589082,230051857,2,False,3801,1/22/2023 6:40:00 PM,1840,4B4C,1227,3801,San Francisco,38,True,True,G,VEHICLE/PEDESTRAIN,,Sunday,,,F,,False,False,False,,B,PEDESTRIAN,,1,0,CLEAR,,NO UNUSUAL CONDITIONS - NO UNUSUAL CONDITIONS,,,C,DARK-STREET LIGHTS,,,,,,,B,CROSSING IN CROSS WALK AT INTERSECTION,,A,21456A,,1,BAY ST,TRAFF,,,A,E,11,VAN NESS AV,F,,A,7/23/2024 2:28:14 PM,1/28/2025 3:26:50 PM,,,2,,,,,,,